id,weight,latitude_dep,longitude_dep,latitude_dest,longitude_dest
geid_133_0,3.80296606428025,50.095652652194104,0.27514923370268063,46.57474321681607,1.3770007767982548
geid_133_1,3.5008791823513223,50.095652652194104,0.27514923370268063,48.34971774155736,3.2574681703783197
geid_133_2,3.6532962468288446,50.095652652194104,0.27514923370268063,48.098537970016984,2.0737414866589625
geid_133_3,3.5715308302743365,50.095652652194104,0.27514923370268063,49.074505597702846,-2.0688596724741526
geid_133_4,3.5137369785525316,50.095652652194104,0.27514923370268063,50.292308955481424,-1.482213618433211
geid_133_5,3.8899754947723264,50.095652652194104,0.27514923370268063,48.93303439684253,2.2601977407694136
geid_133_6,3.6559192942613055,50.095652652194104,0.27514923370268063,47.829438410882226,2.7686129065756613
geid_133_7,3.581672374741263,50.095652652194104,0.27514923370268063,51.089446813806624,-0.744089808812189
geid_133_8,3.6624054954019125,50.095652652194104,0.27514923370268063,48.62953620526404,2.65680348043696
geid_133_9,3.774167253960992,50.095652652194104,0.27514923370268063,48.69342945249822,1.6982256753937404
geid_133_10,3.6310878746706496,50.095652652194104,0.27514923370268063,49.03690964534744,3.2969160432724607
geid_133_11,3.5689386919489805,50.095652652194104,0.27514923370268063,47.883855457427195,1.3317638934726088
geid_133_12,3.7559956306503746,50.095652652194104,0.27514923370268063,49.41619876776419,-2.256590578847793
geid_133_13,3.7610722165825603,50.095652652194104,0.27514923370268063,49.53894118451349,-0.026408855825792
geid_133_14,3.7584027119196004,50.095652652194104,0.27514923370268063,50.230439516342905,-1.917877405550734
geid_133_15,3.586507187941608,50.095652652194104,0.27514923370268063,49.20087473218939,-1.3230913858930382
geid_133_16,3.5702267642490972,50.095652652194104,0.27514923370268063,50.37035449425022,-2.382974860244351
geid_133_17,3.5164337340049223,50.095652652194104,0.27514923370268063,50.63900693855963,-2.738087784806178
geid_133_18,3.7380582968185743,50.095652652194104,0.27514923370268063,50.827799766974884,-1.607604870803578
geid_133_19,3.631856382049,50.095652652194104,0.27514923370268063,49.78239215432197,-1.6160772139043056
geid_133_20,3.702017850750122,50.095652652194104,0.27514923370268063,50.62051134847265,-2.052585486036663
geid_133_21,3.8100618387277208,50.095652652194104,0.27514923370268063,47.437876315710795,1.595890995145104
geid_133_22,3.6870748340810326,50.095652652194104,0.27514923370268063,49.66053295395323,1.1631431792891749
geid_133_23,3.662301924458789,50.095652652194104,0.27514923370268063,50.68748064993762,-1.1312359211488365
geid_133_24,3.757498652800922,50.095652652194104,0.27514923370268063,50.45238420319761,-0.738061876417667
geid_133_25,3.586817173065725,50.095652652194104,0.27514923370268063,49.310783816211476,0.7676529559058003
geid_133_26,3.73905607816321,50.095652652194104,0.27514923370268063,48.89149880622686,-0.07598336790292759
geid_133_27,3.847525481581441,50.095652652194104,0.27514923370268063,49.204010641149154,2.638028256018218
geid_133_28,3.884382440672669,44.84248644351479,8.233068830087115,45.32216056548124,6.057549456702472
geid_133_29,3.714448208840545,44.84248644351479,8.233068830087115,44.2838815313382,7.38212297144335
geid_133_30,3.801033741376,44.84248644351479,8.233068830087115,44.62611076035213,5.933129074859364
geid_133_31,3.6950735887450565,44.84248644351479,8.233068830087115,45.587599888230535,6.197194779024404
geid_133_32,3.9134806985487245,44.84248644351479,8.233068830087115,44.821185941119204,7.440770362976513
geid_133_33,3.748730880002882,44.84248644351479,8.233068830087115,44.49428467022615,8.10460985664245
geid_133_34,3.5743434419354285,42.502502326142775,3.3611757927595374,42.33292310514313,3.895369089332037
geid_133_35,3.5477865955376093,42.502502326142775,3.3611757927595374,45.20317618774453,1.882953464001889
geid_133_36,4,42.502502326142775,3.3611757927595374,43.36459381808042,4.538702123264562
geid_133_37,3.6311153526290454,42.502502326142775,3.3611757927595374,43.66148500525721,3.58196687178209
geid_133_38,3.5160966533180926,42.502502326142775,3.3611757927595374,42.84957978820259,1.0242823806736263
geid_133_39,3.803607017559469,42.502502326142775,3.3611757927595374,42.87062830218926,3.987191857191429
geid_133_40,3.516932934126563,42.502502326142775,3.3611757927595374,45.10508051186817,4.019228943220692
geid_133_41,3.625419540456903,42.502502326142775,3.3611757927595374,43.27803310615063,3.8486602046120924
geid_133_42,3.539862832433382,42.502502326142775,3.3611757927595374,44.0020184300902,2.31741831988411
geid_133_43,3.51896381734922,42.502502326142775,3.3611757927595374,42.848054210870814,2.897441188335853
geid_133_44,3.5552714620775623,46.39001279993293,-1.278745253707311,44.19564680234881,-0.41908782224287133
geid_133_45,3.513051208741061,46.39001279993293,-1.278745253707311,44.310628215522016,1.7874150441457375
geid_133_46,3.591066500619903,46.39001279993293,-1.278745253707311,44.797812549750205,-1.6728692414945274
geid_133_47,3.65831364403586,46.39001279993293,-1.278745253707311,49.41619876776419,-2.256590578847793
geid_133_48,3.5008849826510393,46.39001279993293,-1.278745253707311,50.230439516342905,-1.917877405550734
geid_133_49,3.563621318596697,46.39001279993293,-1.278745253707311,43.51004320364646,0.16395132058310358
geid_133_50,3.665202081548063,46.39001279993293,-1.278745253707311,46.92364763973167,2.2950208476967435
geid_133_51,3.5983539718385282,46.39001279993293,-1.278745253707311,44.49624694766043,-0.539423448944981
geid_133_52,3.5771465313304684,46.39001279993293,-1.278745253707311,49.78239215432197,-1.6160772139043056
geid_133_53,3.5487115199218078,46.39001279993293,-1.278745253707311,45.117301530718095,0.22064507112713905
geid_133_54,3.5104643077753566,46.39001279993293,-1.278745253707311,45.10508051186817,4.019228943220692
geid_133_55,3.628736703025949,46.39001279993293,-1.278745253707311,47.437876315710795,1.595890995145104
geid_133_56,3.5857001304302494,46.39001279993293,-1.278745253707311,48.89149880622686,-0.07598336790292759
geid_133_57,3.629054413259598,47.39443710529524,-0.19811588473135444,46.57474321681607,1.3770007767982548
geid_133_58,3.7177941213535686,47.39443710529524,-0.19811588473135444,48.098537970016984,2.0737414866589625
geid_133_59,3.757717969614896,47.39443710529524,-0.19811588473135444,47.829438410882226,2.7686129065756613
geid_133_60,3.61534972049329,47.39443710529524,-0.19811588473135444,47.40954000963522,3.627407387609491
geid_133_61,3.648030667329422,47.39443710529524,-0.19811588473135444,46.982582401509205,-0.33871238113705093
geid_133_62,3.659020295649297,47.39443710529524,-0.19811588473135444,47.883855457427195,1.3317638934726088
geid_133_63,3.5329272486523924,47.39443710529524,-0.19811588473135444,45.6476784140238,0.33760183449911985
geid_133_64,3.8132075282860876,47.39443710529524,-0.19811588473135444,47.36373713597297,0.8367531063816975
geid_133_65,3.7476417894416367,47.39443710529524,-0.19811588473135444,46.92364763973167,2.2950208476967435
geid_133_66,3.930457793760768,47.39443710529524,-0.19811588473135444,46.564877646151274,-0.2168014492979391
geid_133_67,3.6172655279974406,47.39443710529524,-0.19811588473135444,47.437876315710795,1.595890995145104
geid_133_68,3.69215225820676,47.39443710529524,-0.19811588473135444,46.85355736306181,-0.9818301903901387
geid_133_69,3.56524066827656,47.39443710529524,-0.19811588473135444,47.246569289405514,-1.8795070922527817
geid_133_70,3.626455114825637,45.437037232878765,-0.8938408428459019,46.57474321681607,1.3770007767982548
geid_133_71,4,45.437037232878765,-0.8938408428459019,45.20317618774453,1.882953464001889
geid_133_72,3.7193641935067028,45.437037232878765,-0.8938408428459019,45.6476784140238,0.33760183449911985
geid_133_73,3.6004973317555224,45.437037232878765,-0.8938408428459019,44.49624694766043,-0.539423448944981
geid_133_74,3.7317695253073233,45.437037232878765,-0.8938408428459019,45.117301530718095,0.22064507112713905
geid_133_75,3.7195881418826238,45.437037232878765,-0.8938408428459019,46.85355736306181,-0.9818301903901387
geid_133_76,3.5713093811520884,43.1381344087296,2.4973267119138827,45.20317618774453,1.882953464001889
geid_133_77,3.543287640225062,43.1381344087296,2.4973267119138827,44.19564680234881,-0.41908782224287133
geid_133_78,3.55069766457025,43.1381344087296,2.4973267119138827,43.66148500525721,3.58196687178209
geid_133_79,3.624281310495521,43.1381344087296,2.4973267119138827,44.2718416328981,4.4161124848100295
geid_133_80,3.5767341944463364,43.1381344087296,2.4973267119138827,43.93193452794897,5.145754923793722
geid_133_81,3.5821226976451226,43.1381344087296,2.4973267119138827,45.17783094218463,3.25237243372357
geid_133_82,3.638270969892048,43.1381344087296,2.4973267119138827,43.27803310615063,3.8486602046120924
geid_133_83,3.689557232516881,43.1381344087296,2.4973267119138827,43.25993303611263,3.156236965423986
geid_133_84,3.552026693447694,43.1381344087296,2.4973267119138827,43.85380734732988,1.4525594885524233
geid_133_85,3.649689102014402,43.1381344087296,2.4973267119138827,42.848054210870814,2.897441188335853
geid_133_86,3.572051729563073,42.33292310514313,3.895369089332037,45.20317618774453,1.882953464001889
geid_133_87,3.5743434419354285,42.33292310514313,3.895369089332037,43.36459381808042,4.538702123264562
geid_133_88,3.6210260504043843,42.33292310514313,3.895369089332037,42.87062830218926,3.987191857191429
geid_133_89,3.6235689605568044,42.33292310514313,3.895369089332037,43.27803310615063,3.8486602046120924
geid_133_90,3.5203105726758652,42.33292310514313,3.895369089332037,43.25993303611263,3.156236965423986
geid_133_91,3.5244019837484655,42.33292310514313,3.895369089332037,42.848054210870814,2.897441188335853
geid_133_92,3.847265468073668,46.57474321681607,1.3770007767982548,48.34971774155736,3.2574681703783197
geid_133_93,3.5673241687673762,46.57474321681607,1.3770007767982548,43.36459381808042,4.538702123264562
geid_133_94,3.8635815516482115,46.57474321681607,1.3770007767982548,48.098537970016984,2.0737414866589625
geid_133_95,3.82311010200625,46.57474321681607,1.3770007767982548,49.074505597702846,-2.0688596724741526
geid_133_96,3.81349224361592,46.57474321681607,1.3770007767982548,48.93303439684253,2.2601977407694136
geid_133_97,3.7678680453400903,46.57474321681607,1.3770007767982548,47.829438410882226,2.7686129065756613
geid_133_98,3.533671424750688,46.57474321681607,1.3770007767982548,44.19564680234881,-0.41908782224287133
geid_133_99,3.9371624624202646,46.57474321681607,1.3770007767982548,46.791378804175565,0.5178638905338309
geid_133_100,3.85737648513984,46.57474321681607,1.3770007767982548,47.40954000963522,3.627407387609491
geid_133_101,3.7136181712495016,46.57474321681607,1.3770007767982548,43.66148500525721,3.58196687178209
geid_133_102,3.794861945483492,46.57474321681607,1.3770007767982548,48.62953620526404,2.65680348043696
geid_133_103,3.771044897310265,46.57474321681607,1.3770007767982548,48.69342945249822,1.6982256753937404
geid_133_104,3.8387181646660893,46.57474321681607,1.3770007767982548,46.982582401509205,-0.33871238113705093
geid_133_105,3.795723573756422,46.57474321681607,1.3770007767982548,47.883855457427195,1.3317638934726088
geid_133_106,3.6937490029951223,46.57474321681607,1.3770007767982548,49.53894118451349,-0.026408855825792
geid_133_107,3.5302098578229733,46.57474321681607,1.3770007767982548,46.99290524733958,3.1679795336586913
geid_133_108,3.737806610277824,46.57474321681607,1.3770007767982548,45.17290836956536,4.930200739270964
geid_133_109,3.854463293139264,46.57474321681607,1.3770007767982548,48.472215711593584,0.7289512909803073
geid_133_110,3.5230362768100902,46.57474321681607,1.3770007767982548,45.6476784140238,0.33760183449911985
geid_133_111,3.73738600448864,46.57474321681607,1.3770007767982548,44.2718416328981,4.4161124848100295
geid_133_112,3.795864083689108,46.57474321681607,1.3770007767982548,47.101699177906376,4.136391390807292
geid_133_113,3.8001524844280805,46.57474321681607,1.3770007767982548,44.62611076035213,5.933129074859364
geid_133_114,3.849764008850402,46.57474321681607,1.3770007767982548,47.36373713597297,0.8367531063816975
geid_133_115,3.771930386143472,46.57474321681607,1.3770007767982548,43.93193452794897,5.145754923793722
geid_133_116,3.535098341691919,46.57474321681607,1.3770007767982548,45.61505704804713,-1.3628098797139439
geid_133_117,3.6975788684482818,46.57474321681607,1.3770007767982548,46.92364763973167,2.2950208476967435
geid_133_118,3.7871158957578497,46.57474321681607,1.3770007767982548,45.17783094218463,3.25237243372357
geid_133_119,3.7555372983815576,46.57474321681607,1.3770007767982548,44.198022795669665,3.6794166673423714
geid_133_120,3.5620482744403237,46.57474321681607,1.3770007767982548,45.117301530718095,0.22064507112713905
geid_133_121,3.833965206719905,46.57474321681607,1.3770007767982548,45.74761785497111,4.050664056695648
geid_133_122,3.637358095302528,46.57474321681607,1.3770007767982548,46.564877646151274,-0.2168014492979391
geid_133_123,3.713805408219432,46.57474321681607,1.3770007767982548,47.437876315710795,1.595890995145104
geid_133_124,3.68625404304476,46.57474321681607,1.3770007767982548,49.66053295395323,1.1631431792891749
geid_133_125,3.646460678404056,46.57474321681607,1.3770007767982548,46.85355736306181,-0.9818301903901387
geid_133_126,3.747139406003585,46.57474321681607,1.3770007767982548,45.610819871929195,-0.5719063721795976
geid_133_127,3.7784294667857927,46.57474321681607,1.3770007767982548,47.246569289405514,-1.8795070922527817
geid_133_128,3.8788476102201606,46.57474321681607,1.3770007767982548,49.310783816211476,0.7676529559058003
geid_133_129,3.676370415166323,46.57474321681607,1.3770007767982548,48.89149880622686,-0.07598336790292759
geid_133_130,3.7557805501479766,46.57474321681607,1.3770007767982548,43.85380734732988,1.4525594885524233
geid_133_131,3.8974826181384903,46.57474321681607,1.3770007767982548,44.50874736838516,5.130961663701489
geid_133_132,3.6998428633259532,46.57474321681607,1.3770007767982548,49.204010641149154,2.638028256018218
geid_133_133,3.5465147059061772,46.57474321681607,1.3770007767982548,47.41145937122883,4.496470076013932
geid_133_134,3.801220595636487,46.57474321681607,1.3770007767982548,45.82019249194862,3.186459311425014
geid_133_135,3.6685949274135226,46.57474321681607,1.3770007767982548,46.01549105056417,-1.2505627206357022
geid_133_136,4,45.20317618774453,1.882953464001889,48.34971774155736,3.2574681703783197
geid_133_137,3.5433574009134086,45.20317618774453,1.882953464001889,43.36459381808042,4.538702123264562
geid_133_138,4,45.20317618774453,1.882953464001889,44.429637732244885,-1.6914788926851432
geid_133_139,4,45.20317618774453,1.882953464001889,48.93303439684253,2.2601977407694136
geid_133_140,4,45.20317618774453,1.882953464001889,47.829438410882226,2.7686129065756613
geid_133_141,4,45.20317618774453,1.882953464001889,47.40954000963522,3.627407387609491
geid_133_142,3.548542431831701,45.20317618774453,1.882953464001889,43.66148500525721,3.58196687178209
geid_133_143,3.5197395781896095,45.20317618774453,1.882953464001889,42.84957978820259,1.0242823806736263
geid_133_144,3.541119641231964,45.20317618774453,1.882953464001889,44.310628215522016,1.7874150441457375
geid_133_145,4,45.20317618774453,1.882953464001889,48.62953620526404,2.65680348043696
geid_133_146,4,45.20317618774453,1.882953464001889,48.69342945249822,1.6982256753937404
geid_133_147,4,45.20317618774453,1.882953464001889,47.883855457427195,1.3317638934726088
geid_133_148,4,45.20317618774453,1.882953464001889,43.780038069817024,4.211045835763049
geid_133_149,3.6474109045441603,45.20317618774453,1.882953464001889,42.87062830218926,3.987191857191429
geid_133_150,4,45.20317618774453,1.882953464001889,47.36373713597297,0.8367531063816975
geid_133_151,3.649592550230862,45.20317618774453,1.882953464001889,43.93193452794897,5.145754923793722
geid_133_152,4,45.20317618774453,1.882953464001889,44.198022795669665,3.6794166673423714
geid_133_153,3.5679156698911436,45.20317618774453,1.882953464001889,45.117301530718095,0.22064507112713905
geid_133_154,4,45.20317618774453,1.882953464001889,45.74761785497111,4.050664056695648
geid_133_155,4,45.20317618774453,1.882953464001889,46.564877646151274,-0.2168014492979391
geid_133_156,3.7254481015611605,45.20317618774453,1.882953464001889,43.27803310615063,3.8486602046120924
geid_133_157,4,45.20317618774453,1.882953464001889,45.610819871929195,-0.5719063721795976
geid_133_158,3.647374503473405,45.20317618774453,1.882953464001889,43.25993303611263,3.156236965423986
geid_133_159,3.5862466805002158,45.20317618774453,1.882953464001889,43.85380734732988,1.4525594885524233
geid_133_160,4,45.20317618774453,1.882953464001889,49.204010641149154,2.638028256018218
geid_133_161,3.641173199976506,45.20317618774453,1.882953464001889,44.0020184300902,2.31741831988411
geid_133_162,4,45.20317618774453,1.882953464001889,46.01549105056417,-1.2505627206357022
geid_133_163,3.8705157572677704,45.20317618774453,1.882953464001889,42.848054210870814,2.897441188335853
geid_133_164,3.9260556114416287,48.34971774155736,3.2574681703783197,48.098537970016984,2.0737414866589625
geid_133_165,3.70325493408649,48.34971774155736,3.2574681703783197,48.93303439684253,2.2601977407694136
geid_133_166,3.7986072757825924,48.34971774155736,3.2574681703783197,47.829438410882226,2.7686129065756613
geid_133_167,3.706415639668623,48.34971774155736,3.2574681703783197,47.40954000963522,3.627407387609491
geid_133_168,3.874225006052112,48.34971774155736,3.2574681703783197,48.62953620526404,2.65680348043696
geid_133_169,3.739986267017448,48.34971774155736,3.2574681703783197,48.69342945249822,1.6982256753937404
geid_133_170,3.6752610224348206,48.34971774155736,3.2574681703783197,49.03690964534744,3.2969160432724607
geid_133_171,3.582173458688563,48.34971774155736,3.2574681703783197,47.883855457427195,1.3317638934726088
geid_133_172,3.617385007034305,48.34971774155736,3.2574681703783197,49.53894118451349,-0.026408855825792
geid_133_173,3.7367840589447425,48.34971774155736,3.2574681703783197,47.36373713597297,0.8367531063816975
geid_133_174,3.7748411753145024,48.34971774155736,3.2574681703783197,46.92364763973167,2.2950208476967435
geid_133_175,3.61183996639154,48.34971774155736,3.2574681703783197,45.17783094218463,3.25237243372357
geid_133_176,3.69058064061456,48.34971774155736,3.2574681703783197,45.117301530718095,0.22064507112713905
geid_133_177,3.5929629746970133,48.34971774155736,3.2574681703783197,45.74761785497111,4.050664056695648
geid_133_178,3.9050054756491686,48.34971774155736,3.2574681703783197,47.437876315710795,1.595890995145104
geid_133_179,3.8059371443724546,48.34971774155736,3.2574681703783197,49.66053295395323,1.1631431792891749
geid_133_180,3.591384338888936,48.34971774155736,3.2574681703783197,49.310783816211476,0.7676529559058003
geid_133_181,3.8449942150018623,48.34971774155736,3.2574681703783197,48.89149880622686,-0.07598336790292759
geid_133_182,3.643345650025,48.34971774155736,3.2574681703783197,49.204010641149154,2.638028256018218
geid_133_183,3.527626487593429,48.34971774155736,3.2574681703783197,47.41145937122883,4.496470076013932
geid_133_184,3.8174693706203207,43.36459381808042,4.538702123264562,43.66148500525721,3.58196687178209
geid_133_185,3.5160966533180926,43.36459381808042,4.538702123264562,42.84957978820259,1.0242823806736263
geid_133_186,3.72218104914843,43.36459381808042,4.538702123264562,44.310628215522016,1.7874150441457375
geid_133_187,3.851405229500068,43.36459381808042,4.538702123264562,43.780038069817024,4.211045835763049
geid_133_188,3.6439721303448094,43.36459381808042,4.538702123264562,45.17290836956536,4.930200739270964
geid_133_189,3.756926063324723,43.36459381808042,4.538702123264562,42.87062830218926,3.987191857191429
geid_133_190,3.6778210610131596,43.36459381808042,4.538702123264562,44.2718416328981,4.4161124848100295
geid_133_191,3.5567535399719183,43.36459381808042,4.538702123264562,43.93193452794897,5.145754923793722
geid_133_192,3.7134644693355225,43.36459381808042,4.538702123264562,45.17783094218463,3.25237243372357
geid_133_193,3.7092721164415843,43.36459381808042,4.538702123264562,44.62323701510522,3.830706280852822
geid_133_194,3.5805983305596096,43.36459381808042,4.538702123264562,44.198022795669665,3.6794166673423714
geid_133_195,3.69192391098648,43.36459381808042,4.538702123264562,45.10508051186817,4.019228943220692
geid_133_196,3.8389239294021844,43.36459381808042,4.538702123264562,45.74761785497111,4.050664056695648
geid_133_197,3.5338235779039557,43.36459381808042,4.538702123264562,43.26235811031123,1.4130439347801804
geid_133_198,3.782520211540253,43.36459381808042,4.538702123264562,43.27803310615063,3.8486602046120924
geid_133_199,3.658809807938434,43.36459381808042,4.538702123264562,43.85380734732988,1.4525594885524233
geid_133_200,3.572172273965575,43.36459381808042,4.538702123264562,44.50874736838516,5.130961663701489
geid_133_201,3.717855514164739,43.36459381808042,4.538702123264562,44.0020184300902,2.31741831988411
geid_133_202,3.51896381734922,43.36459381808042,4.538702123264562,42.848054210870814,2.897441188335853
geid_133_203,3.5324757811699494,45.84144247695296,-3.9951800531065196,44.797812549750205,-1.6728692414945274
geid_133_204,4,45.84144247695296,-3.9951800531065196,49.20087473218939,-1.3230913858930382
geid_133_205,3.883824464127252,45.84144247695296,-3.9951800531065196,45.82289990090374,-5.141591850271594
geid_133_206,4,45.84144247695296,-3.9951800531065196,44.13885735376671,-1.922114192614957
geid_133_207,3.9998111622287844,45.84144247695296,-3.9951800531065196,45.99440440911516,-4.0109162804310605
geid_133_208,3.803165291097536,48.098537970016984,2.0737414866589625,48.93303439684253,2.2601977407694136
geid_133_209,3.8667492139465223,48.098537970016984,2.0737414866589625,47.829438410882226,2.7686129065756613
geid_133_210,3.8078325442515855,48.098537970016984,2.0737414866589625,47.40954000963522,3.627407387609491
geid_133_211,3.8392985599920957,48.098537970016984,2.0737414866589625,48.62953620526404,2.65680348043696
geid_133_212,3.805445070025,48.098537970016984,2.0737414866589625,48.69342945249822,1.6982256753937404
geid_133_213,3.63914576767643,48.098537970016984,2.0737414866589625,46.982582401509205,-0.33871238113705093
geid_133_214,3.6738255253507597,48.098537970016984,2.0737414866589625,49.03690964534744,3.2969160432724607
geid_133_215,3.7793946341849103,48.098537970016984,2.0737414866589625,47.883855457427195,1.3317638934726088
geid_133_216,3.726278765163266,48.098537970016984,2.0737414866589625,49.53894118451349,-0.026408855825792
geid_133_217,3.662180098427876,48.098537970016984,2.0737414866589625,46.99290524733958,3.1679795336586913
geid_133_218,3.591022877600313,48.098537970016984,2.0737414866589625,45.17290836956536,4.930200739270964
geid_133_219,3.53886753886884,48.098537970016984,2.0737414866589625,45.6476784140238,0.33760183449911985
geid_133_220,3.5080187935455367,48.098537970016984,2.0737414866589625,47.101699177906376,4.136391390807292
geid_133_221,3.7909242243355683,48.098537970016984,2.0737414866589625,47.36373713597297,0.8367531063816975
geid_133_222,3.882629222180545,48.098537970016984,2.0737414866589625,46.92364763973167,2.2950208476967435
geid_133_223,3.651798964559525,48.098537970016984,2.0737414866589625,45.17783094218463,3.25237243372357
geid_133_224,3.6898979942109182,48.098537970016984,2.0737414866589625,45.117301530718095,0.22064507112713905
geid_133_225,3.647310295941428,48.098537970016984,2.0737414866589625,45.74761785497111,4.050664056695648
geid_133_226,3.5918967529,48.098537970016984,2.0737414866589625,46.564877646151274,-0.2168014492979391
geid_133_227,3.883539027084696,48.098537970016984,2.0737414866589625,47.437876315710795,1.595890995145104
geid_133_228,3.8573554308689166,48.098537970016984,2.0737414866589625,49.66053295395323,1.1631431792891749
geid_133_229,3.6083532298442282,48.098537970016984,2.0737414866589625,46.85355736306181,-0.9818301903901387
geid_133_230,3.7751362679815803,48.098537970016984,2.0737414866589625,49.310783816211476,0.7676529559058003
geid_133_231,3.84976565699908,48.098537970016984,2.0737414866589625,48.89149880622686,-0.07598336790292759
geid_133_232,3.726645812311973,48.098537970016984,2.0737414866589625,49.204010641149154,2.638028256018218
geid_133_233,3.646320249918722,48.098537970016984,2.0737414866589625,47.41145937122883,4.496470076013932
geid_133_234,3.6403814222282898,49.074505597702846,-2.0688596724741526,49.41619876776419,-2.256590578847793
geid_133_235,3.5745868410745283,49.074505597702846,-2.0688596724741526,49.20087473218939,-1.3230913858930382
geid_133_236,3.7206683265315603,49.074505597702846,-2.0688596724741526,50.37035449425022,-2.382974860244351
geid_133_237,3.515359467514056,49.074505597702846,-2.0688596724741526,47.36373713597297,0.8367531063816975
geid_133_238,3.60669718778681,49.074505597702846,-2.0688596724741526,50.63900693855963,-2.738087784806178
geid_133_239,3.5038171064480164,49.074505597702846,-2.0688596724741526,50.827799766974884,-1.607604870803578
geid_133_240,3.5677567024513963,49.074505597702846,-2.0688596724741526,50.62051134847265,-2.052585486036663
geid_133_241,3.6088430687080697,49.074505597702846,-2.0688596724741526,47.437876315710795,1.595890995145104
geid_133_242,3.648193437798292,49.074505597702846,-2.0688596724741526,47.246569289405514,-1.8795070922527817
geid_133_243,3.5336335655548226,44.429637732244885,-1.6914788926851432,44.32250985805874,-2.79451481267789
geid_133_244,3.928879455313614,50.292308955481424,-1.482213618433211,49.41619876776419,-2.256590578847793
geid_133_245,3.9148785770391443,50.292308955481424,-1.482213618433211,49.53894118451349,-0.026408855825792
geid_133_246,3.5604469718612086,50.292308955481424,-1.482213618433211,48.472215711593584,0.7289512909803073
geid_133_247,3.8727077488561226,50.292308955481424,-1.482213618433211,50.230439516342905,-1.917877405550734
geid_133_248,3.538373744297903,50.292308955481424,-1.482213618433211,50.63900693855963,-2.738087784806178
geid_133_249,3.8626883562221823,50.292308955481424,-1.482213618433211,50.827799766974884,-1.607604870803578
geid_133_250,3.803312920443065,50.292308955481424,-1.482213618433211,49.78239215432197,-1.6160772139043056
geid_133_251,3.928430751245225,50.292308955481424,-1.482213618433211,50.62051134847265,-2.052585486036663
geid_133_252,3.7328107108148227,50.292308955481424,-1.482213618433211,49.66053295395323,1.1631431792891749
geid_133_253,3.969509287740307,50.292308955481424,-1.482213618433211,50.68748064993762,-1.1312359211488365
geid_133_254,3.8128692815427203,50.292308955481424,-1.482213618433211,50.45238420319761,-0.738061876417667
geid_133_255,3.80265849765161,50.292308955481424,-1.482213618433211,48.89149880622686,-0.07598336790292759
geid_133_256,3.812659334754368,50.292308955481424,-1.482213618433211,48.69290967403191,-2.9059687795628975
geid_133_257,3.747324930860723,48.93303439684253,2.2601977407694136,47.829438410882226,2.7686129065756613
geid_133_258,3.59579326480929,48.93303439684253,2.2601977407694136,47.40954000963522,3.627407387609491
geid_133_259,3.786547553322409,48.93303439684253,2.2601977407694136,48.62953620526404,2.65680348043696
geid_133_260,3.837104879723703,48.93303439684253,2.2601977407694136,48.69342945249822,1.6982256753937404
geid_133_261,3.640029790308164,48.93303439684253,2.2601977407694136,49.03690964534744,3.2969160432724607
geid_133_262,3.6394693893836356,48.93303439684253,2.2601977407694136,47.883855457427195,1.3317638934726088
geid_133_263,3.9205922207561312,48.93303439684253,2.2601977407694136,49.53894118451349,-0.026408855825792
geid_133_264,3.6359936699055493,48.93303439684253,2.2601977407694136,48.472215711593584,0.7289512909803073
geid_133_265,3.6245759034576106,48.93303439684253,2.2601977407694136,47.36373713597297,0.8367531063816975
geid_133_266,3.662403658210563,48.93303439684253,2.2601977407694136,46.92364763973167,2.2950208476967435
geid_133_267,3.8344189789725625,48.93303439684253,2.2601977407694136,47.437876315710795,1.595890995145104
geid_133_268,3.8716291678464483,48.93303439684253,2.2601977407694136,49.66053295395323,1.1631431792891749
geid_133_269,3.961492923465003,48.93303439684253,2.2601977407694136,49.310783816211476,0.7676529559058003
geid_133_270,3.870773053229681,48.93303439684253,2.2601977407694136,48.89149880622686,-0.07598336790292759
geid_133_271,3.875310287385408,48.93303439684253,2.2601977407694136,49.204010641149154,2.638028256018218
geid_133_272,3.62037007458354,48.93303439684253,2.2601977407694136,47.41145937122883,4.496470076013932
geid_133_273,3.5303906088995567,45.32216056548124,6.057549456702472,46.791378804175565,0.5178638905338309
geid_133_274,3.7046750733855625,45.32216056548124,6.057549456702472,44.797812549750205,-1.6728692414945274
geid_133_275,3.853315174727964,45.32216056548124,6.057549456702472,44.62611076035213,5.933129074859364
geid_133_276,3.7411637206816155,45.32216056548124,6.057549456702472,45.587599888230535,6.197194779024404
geid_133_277,3.9268490547932946,45.32216056548124,6.057549456702472,44.821185941119204,7.440770362976513
geid_133_278,3.770214112943367,47.829438410882226,2.7686129065756613,47.40954000963522,3.627407387609491
geid_133_279,3.748994473997921,47.829438410882226,2.7686129065756613,48.62953620526404,2.65680348043696
geid_133_280,3.62960719134784,47.829438410882226,2.7686129065756613,48.69342945249822,1.6982256753937404
geid_133_281,3.6729358365902502,47.829438410882226,2.7686129065756613,46.982582401509205,-0.33871238113705093
geid_133_282,3.7559693121252287,47.829438410882226,2.7686129065756613,49.03690964534744,3.2969160432724607
geid_133_283,3.8103980869808103,47.829438410882226,2.7686129065756613,47.883855457427195,1.3317638934726088
geid_133_284,3.720644639635507,47.829438410882226,2.7686129065756613,49.53894118451349,-0.026408855825792
geid_133_285,3.688248961384474,47.829438410882226,2.7686129065756613,46.99290524733958,3.1679795336586913
geid_133_286,3.5606669517711618,47.829438410882226,2.7686129065756613,45.17290836956536,4.930200739270964
geid_133_287,3.908513658495054,47.829438410882226,2.7686129065756613,47.36373713597297,0.8367531063816975
geid_133_288,3.7628054179430404,47.829438410882226,2.7686129065756613,46.92364763973167,2.2950208476967435
geid_133_289,3.688903298430204,47.829438410882226,2.7686129065756613,45.17783094218463,3.25237243372357
geid_133_290,3.7145440343362575,47.829438410882226,2.7686129065756613,45.117301530718095,0.22064507112713905
geid_133_291,3.506953191679488,47.829438410882226,2.7686129065756613,45.10508051186817,4.019228943220692
geid_133_292,3.538675133595956,47.829438410882226,2.7686129065756613,46.72815566055947,3.541118089344388
geid_133_293,3.6302442642936,47.829438410882226,2.7686129065756613,45.74761785497111,4.050664056695648
geid_133_294,3.66080987697049,47.829438410882226,2.7686129065756613,46.564877646151274,-0.2168014492979391
geid_133_295,3.8925043574610245,47.829438410882226,2.7686129065756613,47.437876315710795,1.595890995145104
geid_133_296,3.75366352392377,47.829438410882226,2.7686129065756613,49.66053295395323,1.1631431792891749
geid_133_297,3.6502648476695567,47.829438410882226,2.7686129065756613,46.85355736306181,-0.9818301903901387
geid_133_298,3.7275909830368805,47.829438410882226,2.7686129065756613,49.310783816211476,0.7676529559058003
geid_133_299,3.78348800196576,47.829438410882226,2.7686129065756613,48.89149880622686,-0.07598336790292759
geid_133_300,3.622937688950592,47.829438410882226,2.7686129065756613,49.204010641149154,2.638028256018218
geid_133_301,3.6098755510725624,47.829438410882226,2.7686129065756613,47.41145937122883,4.496470076013932
geid_133_302,3.5273280482959684,44.19564680234881,-0.41908782224287133,44.310628215522016,1.7874150441457375
geid_133_303,3.552915338946979,44.19564680234881,-0.41908782224287133,44.797812549750205,-1.6728692414945274
geid_133_304,3.529789225519289,44.19564680234881,-0.41908782224287133,46.982582401509205,-0.33871238113705093
geid_133_305,3.612369916827074,44.19564680234881,-0.41908782224287133,45.6476784140238,0.33760183449911985
geid_133_306,3.7963141927755624,44.19564680234881,-0.41908782224287133,43.51004320364646,0.16395132058310358
geid_133_307,3.6714377154421514,44.19564680234881,-0.41908782224287133,43.271704306529145,-1.2596118002225092
geid_133_308,3.5056154348820545,44.19564680234881,-0.41908782224287133,45.61505704804713,-1.3628098797139439
geid_133_309,3.515924293869636,44.19564680234881,-0.41908782224287133,45.17783094218463,3.25237243372357
geid_133_310,3.842030310449452,44.19564680234881,-0.41908782224287133,45.117301530718095,0.22064507112713905
geid_133_311,3.6054725044349127,44.19564680234881,-0.41908782224287133,46.85355736306181,-0.9818301903901387
geid_133_312,3.649989731258837,44.19564680234881,-0.41908782224287133,43.4186514968327,-0.7809242098601268
geid_133_313,3.5874455173391966,44.19564680234881,-0.41908782224287133,43.25993303611263,3.156236965423986
geid_133_314,3.5387195285603714,44.19564680234881,-0.41908782224287133,43.85380734732988,1.4525594885524233
geid_133_315,3.705601399537577,44.19564680234881,-0.41908782224287133,43.11612558547147,-0.7102480361477239
geid_133_316,3.613352644047485,44.19564680234881,-0.41908782224287133,44.0020184300902,2.31741831988411
geid_133_317,3.560844895544412,44.19564680234881,-0.41908782224287133,42.848054210870814,2.897441188335853
geid_133_318,3.635863854202457,46.791378804175565,0.5178638905338309,48.69290967403191,-2.9059687795628975
geid_133_319,3.50584109158994,47.40954000963522,3.627407387609491,48.62953620526404,2.65680348043696
geid_133_320,3.601344728160065,47.40954000963522,3.627407387609491,46.982582401509205,-0.33871238113705093
geid_133_321,3.6994273610492026,47.40954000963522,3.627407387609491,49.03690964534744,3.2969160432724607
geid_133_322,3.9136210369987605,47.40954000963522,3.627407387609491,47.883855457427195,1.3317638934726088
geid_133_323,3.6136365653705624,47.40954000963522,3.627407387609491,49.53894118451349,-0.026408855825792
geid_133_324,3.6219264822451214,47.40954000963522,3.627407387609491,46.99290524733958,3.1679795336586913
geid_133_325,3.553459799478799,47.40954000963522,3.627407387609491,45.17290836956536,4.930200739270964
geid_133_326,3.518917070322182,47.40954000963522,3.627407387609491,44.2718416328981,4.4161124848100295
geid_133_327,3.8314979108031375,47.40954000963522,3.627407387609491,47.101699177906376,4.136391390807292
geid_133_328,3.6185831397644646,47.40954000963522,3.627407387609491,44.62611076035213,5.933129074859364
geid_133_329,3.8293309604791697,47.40954000963522,3.627407387609491,47.36373713597297,0.8367531063816975
geid_133_330,3.75994778885991,47.40954000963522,3.627407387609491,46.92364763973167,2.2950208476967435
geid_133_331,3.752514556510272,47.40954000963522,3.627407387609491,45.17783094218463,3.25237243372357
geid_133_332,3.6624201163995025,47.40954000963522,3.627407387609491,45.117301530718095,0.22064507112713905
geid_133_333,3.5822100250321984,47.40954000963522,3.627407387609491,46.72815566055947,3.541118089344388
geid_133_334,3.748930307543012,47.40954000963522,3.627407387609491,45.74761785497111,4.050664056695648
geid_133_335,3.744799175210689,47.40954000963522,3.627407387609491,47.437876315710795,1.595890995145104
geid_133_336,3.5991839277813407,47.40954000963522,3.627407387609491,49.66053295395323,1.1631431792891749
geid_133_337,3.5567625547503727,47.40954000963522,3.627407387609491,49.310783816211476,0.7676529559058003
geid_133_338,3.612257096693454,47.40954000963522,3.627407387609491,48.89149880622686,-0.07598336790292759
geid_133_339,3.684312717944449,47.40954000963522,3.627407387609491,44.50874736838516,5.130961663701489
geid_133_340,3.6424498881937155,47.40954000963522,3.627407387609491,47.41145937122883,4.496470076013932
geid_133_341,3.5545540115492003,47.40954000963522,3.627407387609491,45.82019249194862,3.186459311425014
geid_133_342,3.5152821458594454,44.2838815313382,7.38212297144335,45.17290836956536,4.930200739270964
geid_133_343,3.9297322975554576,44.2838815313382,7.38212297144335,44.62611076035213,5.933129074859364
geid_133_344,3.7478653872273937,44.2838815313382,7.38212297144335,43.93193452794897,5.145754923793722
geid_133_345,3.6069317342339122,44.2838815313382,7.38212297144335,45.587599888230535,6.197194779024404
geid_133_346,3.75957173726148,44.2838815313382,7.38212297144335,44.821185941119204,7.440770362976513
geid_133_347,3.5409116692648612,44.2838815313382,7.38212297144335,43.25993303611263,3.156236965423986
geid_133_348,3.5401508133823225,44.2838815313382,7.38212297144335,44.50874736838516,5.130961663701489
geid_133_349,3.7158948581899227,44.2838815313382,7.38212297144335,44.49428467022615,8.10460985664245
geid_133_350,3.5076999837371208,45.422383418570185,-2.9519415097072272,45.61505704804713,-1.3628098797139439
geid_133_351,3.75229403563921,43.66148500525721,3.58196687178209,44.310628215522016,1.7874150441457375
geid_133_352,3.7585085247287826,43.66148500525721,3.58196687178209,43.780038069817024,4.211045835763049
geid_133_353,3.720214199373062,43.66148500525721,3.58196687178209,45.17290836956536,4.930200739270964
geid_133_354,3.7135079048348163,43.66148500525721,3.58196687178209,42.87062830218926,3.987191857191429
geid_133_355,3.6503443276740053,43.66148500525721,3.58196687178209,43.51004320364646,0.16395132058310358
geid_133_356,3.8078725473768684,43.66148500525721,3.58196687178209,44.2718416328981,4.4161124848100295
geid_133_357,3.533988968750862,43.66148500525721,3.58196687178209,44.62611076035213,5.933129074859364
geid_133_358,3.5839134436679285,43.66148500525721,3.58196687178209,43.93193452794897,5.145754923793722
geid_133_359,3.77378998685274,43.66148500525721,3.58196687178209,45.17783094218463,3.25237243372357
geid_133_360,3.669295713626737,43.66148500525721,3.58196687178209,44.62323701510522,3.830706280852822
geid_133_361,3.6137920272855695,43.66148500525721,3.58196687178209,44.198022795669665,3.6794166673423714
geid_133_362,3.7253638706408285,43.66148500525721,3.58196687178209,45.10508051186817,4.019228943220692
geid_133_363,3.800464355515321,43.66148500525721,3.58196687178209,45.74761785497111,4.050664056695648
geid_133_364,3.528068704310852,43.66148500525721,3.58196687178209,43.26235811031123,1.4130439347801804
geid_133_365,3.8387183997778576,43.66148500525721,3.58196687178209,43.27803310615063,3.8486602046120924
geid_133_366,3.695799814832616,43.66148500525721,3.58196687178209,43.25993303611263,3.156236965423986
geid_133_367,3.6507636372320658,43.66148500525721,3.58196687178209,43.85380734732988,1.4525594885524233
geid_133_368,3.6488000485805623,43.66148500525721,3.58196687178209,44.50874736838516,5.130961663701489
geid_133_369,3.66208655823241,43.66148500525721,3.58196687178209,44.0020184300902,2.31741831988411
geid_133_370,3.6525703484426124,43.66148500525721,3.58196687178209,42.848054210870814,2.897441188335853
geid_133_371,3.6034561761776662,51.089446813806624,-0.744089808812189,49.53894118451349,-0.026408855825792
geid_133_372,3.68092427490225,51.089446813806624,-0.744089808812189,50.230439516342905,-1.917877405550734
geid_133_373,3.5809078331505417,51.089446813806624,-0.744089808812189,50.827799766974884,-1.607604870803578
geid_133_374,3.5585620049646147,51.089446813806624,-0.744089808812189,50.62051134847265,-2.052585486036663
geid_133_375,3.672422465055034,51.089446813806624,-0.744089808812189,50.68748064993762,-1.1312359211488365
geid_133_376,3.6169385968805052,51.089446813806624,-0.744089808812189,50.45238420319761,-0.738061876417667
geid_133_377,3.644954793601661,51.089446813806624,-0.744089808812189,49.310783816211476,0.7676529559058003
geid_133_378,3.767582282060688,42.84957978820259,1.0242823806736263,44.797812549750205,-1.6728692414945274
geid_133_379,3.6018334078761023,42.84957978820259,1.0242823806736263,42.87062830218926,3.987191857191429
geid_133_380,3.5231226557428554,42.84957978820259,1.0242823806736263,45.117301530718095,0.22064507112713905
geid_133_381,3.5337227436468166,42.84957978820259,1.0242823806736263,43.26235811031123,1.4130439347801804
geid_133_382,3.549829531666757,42.84957978820259,1.0242823806736263,43.27803310615063,3.8486602046120924
geid_133_383,3.504640768223217,42.84957978820259,1.0242823806736263,43.4186514968327,-0.7809242098601268
geid_133_384,3.5062303720977477,42.84957978820259,1.0242823806736263,43.85380734732988,1.4525594885524233
geid_133_385,3.645283446647251,42.84957978820259,1.0242823806736263,43.11612558547147,-0.7102480361477239
geid_133_386,3.524290733513113,42.84957978820259,1.0242823806736263,44.0020184300902,2.31741831988411
geid_133_387,3.7123155057037405,44.310628215522016,1.7874150441457375,45.17290836956536,4.930200739270964
geid_133_388,3.7778473933857315,44.310628215522016,1.7874150441457375,42.87062830218926,3.987191857191429
geid_133_389,3.559467202224301,44.310628215522016,1.7874150441457375,45.6476784140238,0.33760183449911985
geid_133_390,3.8803085497360144,44.310628215522016,1.7874150441457375,43.51004320364646,0.16395132058310358
geid_133_391,3.6943428594946752,44.310628215522016,1.7874150441457375,44.2718416328981,4.4161124848100295
geid_133_392,3.6138405028879528,44.310628215522016,1.7874150441457375,44.62611076035213,5.933129074859364
geid_133_393,3.837749408584852,44.310628215522016,1.7874150441457375,43.271704306529145,-1.2596118002225092
geid_133_394,3.56854394326218,44.310628215522016,1.7874150441457375,43.93193452794897,5.145754923793722
geid_133_395,3.5605542626376097,44.310628215522016,1.7874150441457375,46.92364763973167,2.2950208476967435
geid_133_396,3.7057826976777215,44.310628215522016,1.7874150441457375,45.17783094218463,3.25237243372357
geid_133_397,3.553043627614572,44.310628215522016,1.7874150441457375,44.49624694766043,-0.539423448944981
geid_133_398,3.7485478760188897,44.310628215522016,1.7874150441457375,44.62323701510522,3.830706280852822
geid_133_399,3.631103080906623,44.310628215522016,1.7874150441457375,45.117301530718095,0.22064507112713905
geid_133_400,3.866819100301326,44.310628215522016,1.7874150441457375,45.10508051186817,4.019228943220692
geid_133_401,3.50950129397569,44.310628215522016,1.7874150441457375,45.74761785497111,4.050664056695648
geid_133_402,3.508171517228823,44.310628215522016,1.7874150441457375,47.437876315710795,1.595890995145104
geid_133_403,3.8175208738722444,44.310628215522016,1.7874150441457375,43.26235811031123,1.4130439347801804
geid_133_404,3.8112952119750543,44.310628215522016,1.7874150441457375,43.27803310615063,3.8486602046120924
geid_133_405,3.8865402666182405,44.310628215522016,1.7874150441457375,43.4186514968327,-0.7809242098601268
geid_133_406,3.5504137394773054,44.310628215522016,1.7874150441457375,43.25993303611263,3.156236965423986
geid_133_407,3.7605939109010063,44.310628215522016,1.7874150441457375,43.85380734732988,1.4525594885524233
geid_133_408,3.5300808547388836,44.310628215522016,1.7874150441457375,44.50874736838516,5.130961663701489
geid_133_409,3.508559353677415,44.310628215522016,1.7874150441457375,43.11612558547147,-0.7102480361477239
geid_133_410,3.9495265555968966,44.310628215522016,1.7874150441457375,44.0020184300902,2.31741831988411
geid_133_411,3.611756839693553,44.310628215522016,1.7874150441457375,45.82019249194862,3.186459311425014
geid_133_412,3.9959176421347227,44.797812549750205,-1.6728692414945274,49.41619876776419,-2.256590578847793
geid_133_413,3.5678030927736675,44.797812549750205,-1.6728692414945274,44.155769666563216,-1.2685010513772075
geid_133_414,3.5511318650469836,44.797812549750205,-1.6728692414945274,42.89738360545404,-0.8498039037887843
geid_133_415,3.631860917718756,44.797812549750205,-1.6728692414945274,45.117301530718095,0.22064507112713905
geid_133_416,3.5063187543285554,44.797812549750205,-1.6728692414945274,44.13885735376671,-1.922114192614957
geid_133_417,3.549287346323458,44.797812549750205,-1.6728692414945274,43.4186514968327,-0.7809242098601268
geid_133_418,3.8903907148858754,44.797812549750205,-1.6728692414945274,48.89149880622686,-0.07598336790292759
geid_133_419,3.673723824753445,44.797812549750205,-1.6728692414945274,43.85380734732988,1.4525594885524233
geid_133_420,3.6615737541416875,44.797812549750205,-1.6728692414945274,43.11612558547147,-0.7102480361477239
geid_133_421,3.585101287238776,44.797812549750205,-1.6728692414945274,44.0020184300902,2.31741831988411
geid_133_422,3.537503959586115,44.797812549750205,-1.6728692414945274,45.99440440911516,-4.0109162804310605
geid_133_423,3.922910012026388,48.62953620526404,2.65680348043696,48.69342945249822,1.6982256753937404
geid_133_424,3.599459399454257,48.62953620526404,2.65680348043696,49.03690964534744,3.2969160432724607
geid_133_425,3.7360552087310843,48.62953620526404,2.65680348043696,49.53894118451349,-0.026408855825792
geid_133_426,3.601396080671492,48.62953620526404,2.65680348043696,47.36373713597297,0.8367531063816975
geid_133_427,3.67493424133924,48.62953620526404,2.65680348043696,46.92364763973167,2.2950208476967435
geid_133_428,3.733151145490416,48.62953620526404,2.65680348043696,45.117301530718095,0.22064507112713905
geid_133_429,3.89656624637284,48.62953620526404,2.65680348043696,47.437876315710795,1.595890995145104
geid_133_430,3.8498638794490003,48.62953620526404,2.65680348043696,49.66053295395323,1.1631431792891749
geid_133_431,3.696977406986554,48.62953620526404,2.65680348043696,49.310783816211476,0.7676529559058003
geid_133_432,3.913198446652748,48.62953620526404,2.65680348043696,48.89149880622686,-0.07598336790292759
geid_133_433,3.848325898162202,48.62953620526404,2.65680348043696,49.204010641149154,2.638028256018218
geid_133_434,3.562427148933276,48.62953620526404,2.65680348043696,47.41145937122883,4.496470076013932
geid_133_435,3.5360303735742735,48.69342945249822,1.6982256753937404,49.03690964534744,3.2969160432724607
geid_133_436,3.7992436904421174,48.69342945249822,1.6982256753937404,49.53894118451349,-0.026408855825792
geid_133_437,3.5059431000923045,48.69342945249822,1.6982256753937404,48.472215711593584,0.7289512909803073
geid_133_438,3.64302303939684,48.69342945249822,1.6982256753937404,46.92364763973167,2.2950208476967435
geid_133_439,3.6452158590666253,48.69342945249822,1.6982256753937404,45.117301530718095,0.22064507112713905
geid_133_440,3.82628143739689,48.69342945249822,1.6982256753937404,47.437876315710795,1.595890995145104
geid_133_441,3.8497834334822496,48.69342945249822,1.6982256753937404,49.66053295395323,1.1631431792891749
geid_133_442,3.799774622517124,48.69342945249822,1.6982256753937404,49.310783816211476,0.7676529559058003
geid_133_443,3.8807779791591415,48.69342945249822,1.6982256753937404,48.89149880622686,-0.07598336790292759
geid_133_444,3.947534417440896,48.69342945249822,1.6982256753937404,49.204010641149154,2.638028256018218
geid_133_445,3.6377810069983685,48.69342945249822,1.6982256753937404,47.41145937122883,4.496470076013932
geid_133_446,3.501325520099726,50.00885132425388,-2.5350248385422107,49.53894118451349,-0.026408855825792
geid_133_447,3.793269083034355,50.00885132425388,-2.5350248385422107,49.78239215432197,-1.6160772139043056
geid_133_448,3.55445714279824,50.00885132425388,-2.5350248385422107,50.62051134847265,-2.052585486036663
geid_133_449,3.5423692199101584,50.00885132425388,-2.5350248385422107,50.68748064993762,-1.1312359211488365
geid_133_450,3.564485283441803,50.00885132425388,-2.5350248385422107,49.310783816211476,0.7676529559058003
geid_133_451,3.786981814005948,50.00885132425388,-2.5350248385422107,48.69290967403191,-2.9059687795628975
geid_133_452,3.609071795672718,46.982582401509205,-0.33871238113705093,47.883855457427195,1.3317638934726088
geid_133_453,3.5327269604338998,46.982582401509205,-0.33871238113705093,45.6476784140238,0.33760183449911985
geid_133_454,3.8160056590464064,46.982582401509205,-0.33871238113705093,47.36373713597297,0.8367531063816975
geid_133_455,3.538785218569446,46.982582401509205,-0.33871238113705093,46.92364763973167,2.2950208476967435
geid_133_456,3.692992499958961,46.982582401509205,-0.33871238113705093,46.564877646151274,-0.2168014492979391
geid_133_457,3.621162870162209,46.982582401509205,-0.33871238113705093,47.437876315710795,1.595890995145104
geid_133_458,3.6342376550938753,46.982582401509205,-0.33871238113705093,46.85355736306181,-0.9818301903901387
geid_133_459,3.760365977839016,46.982582401509205,-0.33871238113705093,47.246569289405514,-1.8795070922527817
geid_133_460,3.5627549669338228,46.982582401509205,-0.33871238113705093,46.01549105056417,-1.2505627206357022
geid_133_461,3.675298290895562,49.03690964534744,3.2969160432724607,47.883855457427195,1.3317638934726088
geid_133_462,3.6645470934484625,49.03690964534744,3.2969160432724607,49.20087473218939,-1.3230913858930382
geid_133_463,3.53339690318224,49.03690964534744,3.2969160432724607,47.101699177906376,4.136391390807292
geid_133_464,3.64653740536281,49.03690964534744,3.2969160432724607,47.36373713597297,0.8367531063816975
geid_133_465,3.793068947044878,49.03690964534744,3.2969160432724607,47.437876315710795,1.595890995145104
geid_133_466,3.6174639000364492,49.03690964534744,3.2969160432724607,49.204010641149154,2.638028256018218
geid_133_467,3.67664127015072,47.883855457427195,1.3317638934726088,49.53894118451349,-0.026408855825792
geid_133_468,3.7235155852585162,47.883855457427195,1.3317638934726088,46.99290524733958,3.1679795336586913
geid_133_469,3.8764264743053483,47.883855457427195,1.3317638934726088,47.101699177906376,4.136391390807292
geid_133_470,3.7873434704226296,47.883855457427195,1.3317638934726088,47.36373713597297,0.8367531063816975
geid_133_471,3.7596731844120286,47.883855457427195,1.3317638934726088,46.92364763973167,2.2950208476967435
geid_133_472,3.582351711913023,47.883855457427195,1.3317638934726088,45.17783094218463,3.25237243372357
geid_133_473,3.618290388274985,47.883855457427195,1.3317638934726088,45.117301530718095,0.22064507112713905
geid_133_474,3.6108366564704255,47.883855457427195,1.3317638934726088,46.72815566055947,3.541118089344388
geid_133_475,3.572744330053202,47.883855457427195,1.3317638934726088,45.74761785497111,4.050664056695648
geid_133_476,3.5779792209231838,47.883855457427195,1.3317638934726088,46.564877646151274,-0.2168014492979391
geid_133_477,3.7086389305879823,47.883855457427195,1.3317638934726088,47.437876315710795,1.595890995145104
geid_133_478,3.6101269591162284,47.883855457427195,1.3317638934726088,49.66053295395323,1.1631431792891749
geid_133_479,3.6601621305512007,47.883855457427195,1.3317638934726088,46.85355736306181,-0.9818301903901387
geid_133_480,3.64216002789136,47.883855457427195,1.3317638934726088,49.310783816211476,0.7676529559058003
geid_133_481,3.5850222935085605,47.883855457427195,1.3317638934726088,48.89149880622686,-0.07598336790292759
geid_133_482,3.66600520814862,47.883855457427195,1.3317638934726088,47.41145937122883,4.496470076013932
geid_133_483,3.674413676051041,47.883855457427195,1.3317638934726088,45.82019249194862,3.186459311425014
geid_133_484,3.999826681877489,49.41619876776419,-2.256590578847793,49.53894118451349,-0.026408855825792
geid_133_485,3.6443471280599824,49.41619876776419,-2.256590578847793,50.230439516342905,-1.917877405550734
geid_133_486,3.6872030261269924,49.41619876776419,-2.256590578847793,50.63900693855963,-2.738087784806178
geid_133_487,3.9344569556878333,49.41619876776419,-2.256590578847793,50.827799766974884,-1.607604870803578
geid_133_488,3.7155586809044023,49.41619876776419,-2.256590578847793,49.78239215432197,-1.6160772139043056
geid_133_489,3.9516320270617133,49.41619876776419,-2.256590578847793,50.62051134847265,-2.052585486036663
geid_133_490,3.5777963477505774,49.41619876776419,-2.256590578847793,47.437876315710795,1.595890995145104
geid_133_491,3.7458933880127234,49.41619876776419,-2.256590578847793,49.66053295395323,1.1631431792891749
geid_133_492,3.9132340539843677,49.41619876776419,-2.256590578847793,50.68748064993762,-1.1312359211488365
geid_133_493,3.8243068645839196,49.41619876776419,-2.256590578847793,50.45238420319761,-0.738061876417667
geid_133_494,3.74860464317545,49.41619876776419,-2.256590578847793,47.246569289405514,-1.8795070922527817
geid_133_495,3.823558108311043,49.41619876776419,-2.256590578847793,48.89149880622686,-0.07598336790292759
geid_133_496,3.6170540005462684,49.53894118451349,-0.026408855825792,46.99290524733958,3.1679795336586913
geid_133_497,3.709517794317722,49.53894118451349,-0.026408855825792,50.230439516342905,-1.917877405550734
geid_133_498,3.824243934165456,49.53894118451349,-0.026408855825792,49.20087473218939,-1.3230913858930382
geid_133_499,3.667113011654978,49.53894118451349,-0.026408855825792,50.37035449425022,-2.382974860244351
geid_133_500,3.59400607442496,49.53894118451349,-0.026408855825792,47.36373713597297,0.8367531063816975
geid_133_501,3.67357988228859,49.53894118451349,-0.026408855825792,50.63900693855963,-2.738087784806178
geid_133_502,3.645142544433409,49.53894118451349,-0.026408855825792,46.92364763973167,2.2950208476967435
geid_133_503,3.9258609980276735,49.53894118451349,-0.026408855825792,50.827799766974884,-1.607604870803578
geid_133_504,3.720093034043233,49.53894118451349,-0.026408855825792,49.78239215432197,-1.6160772139043056
geid_133_505,3.9522555275868028,49.53894118451349,-0.026408855825792,50.62051134847265,-2.052585486036663
geid_133_506,3.5403349798212846,49.53894118451349,-0.026408855825792,46.72815566055947,3.541118089344388
geid_133_507,3.6423823268869695,49.53894118451349,-0.026408855825792,47.437876315710795,1.595890995145104
geid_133_508,3.7943104362850404,49.53894118451349,-0.026408855825792,49.66053295395323,1.1631431792891749
geid_133_509,3.930757955777766,49.53894118451349,-0.026408855825792,50.68748064993762,-1.1312359211488365
geid_133_510,3.78736110219821,49.53894118451349,-0.026408855825792,50.45238420319761,-0.738061876417667
geid_133_511,3.7261931736183,49.53894118451349,-0.026408855825792,49.310783816211476,0.7676529559058003
geid_133_512,3.8763131079301214,49.53894118451349,-0.026408855825792,48.89149880622686,-0.07598336790292759
geid_133_513,3.879205906117201,49.53894118451349,-0.026408855825792,49.204010641149154,2.638028256018218
geid_133_514,3.651523293508484,46.99290524733958,3.1679795336586913,45.17290836956536,4.930200739270964
geid_133_515,3.532359516988418,46.99290524733958,3.1679795336586913,47.36373713597297,0.8367531063816975
geid_133_516,3.7875982204830776,46.99290524733958,3.1679795336586913,46.92364763973167,2.2950208476967435
geid_133_517,3.6002507751319826,46.99290524733958,3.1679795336586913,45.17783094218463,3.25237243372357
geid_133_518,3.5174605270221484,46.99290524733958,3.1679795336586913,44.62323701510522,3.830706280852822
geid_133_519,3.79357369874122,46.99290524733958,3.1679795336586913,45.117301530718095,0.22064507112713905
geid_133_520,3.625748225612858,46.99290524733958,3.1679795336586913,45.10508051186817,4.019228943220692
geid_133_521,3.8471389559279996,46.99290524733958,3.1679795336586913,46.72815566055947,3.541118089344388
geid_133_522,3.5367903352127845,46.99290524733958,3.1679795336586913,45.74761785497111,4.050664056695648
geid_133_523,3.579973310841428,46.99290524733958,3.1679795336586913,47.437876315710795,1.595890995145104
geid_133_524,3.5712985715567207,46.99290524733958,3.1679795336586913,49.66053295395323,1.1631431792891749
geid_133_525,3.531160712944124,46.99290524733958,3.1679795336586913,49.310783816211476,0.7676529559058003
geid_133_526,3.529969740368677,46.99290524733958,3.1679795336586913,48.89149880622686,-0.07598336790292759
geid_133_527,3.794796024077904,46.99290524733958,3.1679795336586913,47.41145937122883,4.496470076013932
geid_133_528,3.7021696993473356,46.99290524733958,3.1679795336586913,44.0020184300902,2.31741831988411
geid_133_529,3.5281983468300098,44.155769666563216,-1.2685010513772075,45.117301530718095,0.22064507112713905
geid_133_530,3.5577239578012807,44.155769666563216,-1.2685010513772075,43.85380734732988,1.4525594885524233
geid_133_531,3.525733217927088,43.780038069817024,4.211045835763049,45.17290836956536,4.930200739270964
geid_133_532,3.7756856824470173,43.780038069817024,4.211045835763049,42.87062830218926,3.987191857191429
geid_133_533,3.5289845551910886,43.780038069817024,4.211045835763049,45.17783094218463,3.25237243372357
geid_133_534,3.6706638819114294,43.780038069817024,4.211045835763049,44.62323701510522,3.830706280852822
geid_133_535,3.768987172405202,43.780038069817024,4.211045835763049,45.117301530718095,0.22064507112713905
geid_133_536,3.6819562711683047,43.780038069817024,4.211045835763049,43.27803310615063,3.8486602046120924
geid_133_537,3.702999149342266,45.17290836956536,4.930200739270964,42.87062830218926,3.987191857191429
geid_133_538,3.8339005521359173,45.17290836956536,4.930200739270964,44.2718416328981,4.4161124848100295
geid_133_539,3.8117639234961658,45.17290836956536,4.930200739270964,44.62611076035213,5.933129074859364
geid_133_540,3.5004413671462227,45.17290836956536,4.930200739270964,45.16696802713483,6.3023832251652365
geid_133_541,3.5558995263923037,45.17290836956536,4.930200739270964,47.36373713597297,0.8367531063816975
geid_133_542,3.648854030558865,45.17290836956536,4.930200739270964,43.93193452794897,5.145754923793722
geid_133_543,3.6651856171095027,45.17290836956536,4.930200739270964,46.92364763973167,2.2950208476967435
geid_133_544,3.8863980883134017,45.17290836956536,4.930200739270964,45.17783094218463,3.25237243372357
geid_133_545,3.7959990239898174,45.17290836956536,4.930200739270964,44.62323701510522,3.830706280852822
geid_133_546,3.7818850046958863,45.17290836956536,4.930200739270964,45.10508051186817,4.019228943220692
geid_133_547,3.852881327710609,45.17290836956536,4.930200739270964,45.74761785497111,4.050664056695648
geid_133_548,3.6085515853134402,45.17290836956536,4.930200739270964,47.437876315710795,1.595890995145104
geid_133_549,3.6111100653224106,45.17290836956536,4.930200739270964,43.26235811031123,1.4130439347801804
geid_133_550,3.7738941899507683,45.17290836956536,4.930200739270964,43.27803310615063,3.8486602046120924
geid_133_551,3.582869538267364,45.17290836956536,4.930200739270964,44.821185941119204,7.440770362976513
geid_133_552,3.7439502737395793,45.17290836956536,4.930200739270964,43.25993303611263,3.156236965423986
geid_133_553,3.68469853877306,45.17290836956536,4.930200739270964,43.85380734732988,1.4525594885524233
geid_133_554,3.738496187405575,45.17290836956536,4.930200739270964,44.50874736838516,5.130961663701489
geid_133_555,3.64798352912964,45.17290836956536,4.930200739270964,47.41145937122883,4.496470076013932
geid_133_556,3.74490460283536,45.17290836956536,4.930200739270964,44.0020184300902,2.31741831988411
geid_133_557,3.6073854655641857,45.17290836956536,4.930200739270964,45.82019249194862,3.186459311425014
geid_133_558,3.529832662892312,45.17290836956536,4.930200739270964,42.848054210870814,2.897441188335853
geid_133_559,3.601567334264976,48.472215711593584,0.7289512909803073,44.62323701510522,3.830706280852822
geid_133_560,3.6559896961280627,48.472215711593584,0.7289512909803073,49.78239215432197,-1.6160772139043056
geid_133_561,3.532314898814437,48.472215711593584,0.7289512909803073,45.10508051186817,4.019228943220692
geid_133_562,3.6061479801148817,48.472215711593584,0.7289512909803073,47.437876315710795,1.595890995145104
geid_133_563,3.511461895688041,48.472215711593584,0.7289512909803073,50.68748064993762,-1.1312359211488365
geid_133_564,3.5735695505110128,48.472215711593584,0.7289512909803073,49.204010641149154,2.638028256018218
geid_133_565,3.6030787326315075,42.87062830218926,3.987191857191429,44.2718416328981,4.4161124848100295
geid_133_566,3.512735281555562,42.87062830218926,3.987191857191429,44.62611076035213,5.933129074859364
geid_133_567,3.6260657669114598,42.87062830218926,3.987191857191429,45.17783094218463,3.25237243372357
geid_133_568,3.825565855512944,42.87062830218926,3.987191857191429,44.62323701510522,3.830706280852822
geid_133_569,3.8267881984099086,42.87062830218926,3.987191857191429,45.10508051186817,4.019228943220692
geid_133_570,3.703083088562122,42.87062830218926,3.987191857191429,43.26235811031123,1.4130439347801804
geid_133_571,3.8501050654187714,42.87062830218926,3.987191857191429,43.27803310615063,3.8486602046120924
geid_133_572,3.528547653422695,42.87062830218926,3.987191857191429,43.25993303611263,3.156236965423986
geid_133_573,3.67691171325625,42.87062830218926,3.987191857191429,43.85380734732988,1.4525594885524233
geid_133_574,3.73451570626004,42.87062830218926,3.987191857191429,44.0020184300902,2.31741831988411
geid_133_575,3.6149739361199105,42.87062830218926,3.987191857191429,42.848054210870814,2.897441188335853
geid_133_576,3.5429909861439026,50.230439516342905,-1.917877405550734,50.63900693855963,-2.738087784806178
geid_133_577,3.7555188106392103,50.230439516342905,-1.917877405550734,50.827799766974884,-1.607604870803578
geid_133_578,3.7845584377621053,50.230439516342905,-1.917877405550734,50.62051134847265,-2.052585486036663
geid_133_579,3.6710279498135825,50.230439516342905,-1.917877405550734,49.66053295395323,1.1631431792891749
geid_133_580,3.7336848206412303,50.230439516342905,-1.917877405550734,50.68748064993762,-1.1312359211488365
geid_133_581,3.59277247833944,50.230439516342905,-1.917877405550734,50.45238420319761,-0.738061876417667
geid_133_582,3.6733751476781116,50.230439516342905,-1.917877405550734,48.89149880622686,-0.07598336790292759
geid_133_583,3.6716069473098134,42.89738360545404,-0.8498039037887843,43.26235811031123,1.4130439347801804
geid_133_584,3.5013239483062497,42.89738360545404,-0.8498039037887843,43.85380734732988,1.4525594885524233
geid_133_585,3.83329370282401,42.89738360545404,-0.8498039037887843,43.11612558547147,-0.7102480361477239
geid_133_586,3.5202515461275556,45.6476784140238,0.33760183449911985,43.51004320364646,0.16395132058310358
geid_133_587,3.5745843832198374,45.6476784140238,0.33760183449911985,46.92364763973167,2.2950208476967435
geid_133_588,3.5545623448120907,45.6476784140238,0.33760183449911985,44.62323701510522,3.830706280852822
geid_133_589,3.549245334245928,45.6476784140238,0.33760183449911985,45.10508051186817,4.019228943220692
geid_133_590,3.78619982802336,45.6476784140238,0.33760183449911985,46.564877646151274,-0.2168014492979391
geid_133_591,3.516297144623393,45.6476784140238,0.33760183449911985,47.437876315710795,1.595890995145104
geid_133_592,3.5323895131896488,45.6476784140238,0.33760183449911985,43.26235811031123,1.4130439347801804
geid_133_593,3.6935416699463883,45.6476784140238,0.33760183449911985,46.85355736306181,-0.9818301903901387
geid_133_594,3.6389306637314602,45.6476784140238,0.33760183449911985,44.0020184300902,2.31741831988411
geid_133_595,3.5980125320381284,49.20087473218939,-1.3230913858930382,50.37035449425022,-2.382974860244351
geid_133_596,3.817515051408288,49.20087473218939,-1.3230913858930382,50.827799766974884,-1.607604870803578
geid_133_597,3.9069159344640005,49.20087473218939,-1.3230913858930382,45.587599888230535,6.197194779024404
geid_133_598,3.8223223221820817,49.20087473218939,-1.3230913858930382,50.62051134847265,-2.052585486036663
geid_133_599,3.6570626723339363,49.20087473218939,-1.3230913858930382,49.66053295395323,1.1631431792891749
geid_133_600,3.8163114207177125,49.20087473218939,-1.3230913858930382,50.68748064993762,-1.1312359211488365
geid_133_601,3.7832278662196224,49.20087473218939,-1.3230913858930382,50.45238420319761,-0.738061876417667
geid_133_602,3.6135087461689968,49.20087473218939,-1.3230913858930382,49.310783816211476,0.7676529559058003
geid_133_603,4,49.20087473218939,-1.3230913858930382,45.99440440911516,-4.0109162804310605
geid_133_604,3.901217720015002,43.51004320364646,0.16395132058310358,43.271704306529145,-1.2596118002225092
geid_133_605,3.5143787604631695,43.51004320364646,0.16395132058310358,43.93193452794897,5.145754923793722
geid_133_606,3.9214337469366605,43.51004320364646,0.16395132058310358,45.117301530718095,0.22064507112713905
geid_133_607,3.531528770559889,43.51004320364646,0.16395132058310358,43.27803310615063,3.8486602046120924
geid_133_608,3.892134636709397,43.51004320364646,0.16395132058310358,44.13885735376671,-1.922114192614957
geid_133_609,3.8102510229041453,43.51004320364646,0.16395132058310358,43.4186514968327,-0.7809242098601268
geid_133_610,3.7387432952323203,43.51004320364646,0.16395132058310358,43.25993303611263,3.156236965423986
geid_133_611,3.6152042262705217,43.51004320364646,0.16395132058310358,43.85380734732988,1.4525594885524233
geid_133_612,3.616582203642077,43.51004320364646,0.16395132058310358,43.11612558547147,-0.7102480361477239
geid_133_613,3.54164321116516,43.51004320364646,0.16395132058310358,44.0020184300902,2.31741831988411
geid_133_614,3.75973883882116,44.2718416328981,4.4161124848100295,44.62611076035213,5.933129074859364
geid_133_615,3.702924139812722,44.2718416328981,4.4161124848100295,43.93193452794897,5.145754923793722
geid_133_616,3.8983703893925563,44.2718416328981,4.4161124848100295,45.17783094218463,3.25237243372357
geid_133_617,3.629593550466608,44.2718416328981,4.4161124848100295,44.62323701510522,3.830706280852822
geid_133_618,3.6109659866125563,44.2718416328981,4.4161124848100295,44.198022795669665,3.6794166673423714
geid_133_619,3.7357895573556643,44.2718416328981,4.4161124848100295,45.10508051186817,4.019228943220692
geid_133_620,3.876122763253637,44.2718416328981,4.4161124848100295,45.74761785497111,4.050664056695648
geid_133_621,3.5165103932384882,44.2718416328981,4.4161124848100295,47.437876315710795,1.595890995145104
geid_133_622,3.7958183377959998,44.2718416328981,4.4161124848100295,43.27803310615063,3.8486602046120924
geid_133_623,3.7960833482830805,44.2718416328981,4.4161124848100295,43.25993303611263,3.156236965423986
geid_133_624,3.718392684318365,44.2718416328981,4.4161124848100295,43.85380734732988,1.4525594885524233
geid_133_625,3.7491059630670724,44.2718416328981,4.4161124848100295,44.50874736838516,5.130961663701489
geid_133_626,3.5200046381496515,44.2718416328981,4.4161124848100295,47.41145937122883,4.496470076013932
geid_133_627,3.7264527309809283,44.2718416328981,4.4161124848100295,44.0020184300902,2.31741831988411
geid_133_628,3.5665300749708093,44.2718416328981,4.4161124848100295,42.848054210870814,2.897441188335853
geid_133_629,3.596679213045865,47.101699177906376,4.136391390807292,47.36373713597297,0.8367531063816975
geid_133_630,3.539908815277412,47.101699177906376,4.136391390807292,46.92364763973167,2.2950208476967435
geid_133_631,3.5520161392356626,47.101699177906376,4.136391390807292,45.17783094218463,3.25237243372357
geid_133_632,3.733601192268295,47.101699177906376,4.136391390807292,45.587599888230535,6.197194779024404
geid_133_633,3.6810845926494786,47.101699177906376,4.136391390807292,47.437876315710795,1.595890995145104
geid_133_634,3.541240754033141,47.101699177906376,4.136391390807292,45.82019249194862,3.186459311425014
geid_133_635,3.8263308874688837,44.62611076035213,5.933129074859364,43.93193452794897,5.145754923793722
geid_133_636,3.805776237398414,44.62611076035213,5.933129074859364,45.17783094218463,3.25237243372357
geid_133_637,3.831530364916021,44.62611076035213,5.933129074859364,45.587599888230535,6.197194779024404
geid_133_638,3.6973897719988438,44.62611076035213,5.933129074859364,44.62323701510522,3.830706280852822
geid_133_639,3.7365607919648447,44.62611076035213,5.933129074859364,44.198022795669665,3.6794166673423714
geid_133_640,3.6378148806680355,44.62611076035213,5.933129074859364,45.10508051186817,4.019228943220692
geid_133_641,3.7943410962769217,44.62611076035213,5.933129074859364,45.74761785497111,4.050664056695648
geid_133_642,3.59869702133824,44.62611076035213,5.933129074859364,47.437876315710795,1.595890995145104
geid_133_643,3.6458178688182,44.62611076035213,5.933129074859364,43.27803310615063,3.8486602046120924
geid_133_644,3.9124747429654754,44.62611076035213,5.933129074859364,44.821185941119204,7.440770362976513
geid_133_645,3.610766424674822,44.62611076035213,5.933129074859364,43.25993303611263,3.156236965423986
geid_133_646,3.714084769311288,44.62611076035213,5.933129074859364,43.85380734732988,1.4525594885524233
geid_133_647,3.8073970896776674,44.62611076035213,5.933129074859364,44.50874736838516,5.130961663701489
geid_133_648,3.617584523546215,44.62611076035213,5.933129074859364,44.0020184300902,2.31741831988411
geid_133_649,3.669485929271452,44.62611076035213,5.933129074859364,45.82019249194862,3.186459311425014
geid_133_650,3.8059404218534416,44.62611076035213,5.933129074859364,44.49428467022615,8.10460985664245
geid_133_651,3.519472352019463,45.16696802713483,6.3023832251652365,45.10508051186817,4.019228943220692
geid_133_652,3.8008117994197264,43.271704306529145,-1.2596118002225092,45.117301530718095,0.22064507112713905
geid_133_653,3.8731497168601634,43.271704306529145,-1.2596118002225092,44.13885735376671,-1.922114192614957
geid_133_654,3.7732619999797317,43.271704306529145,-1.2596118002225092,43.4186514968327,-0.7809242098601268
geid_133_655,3.525556867150357,43.271704306529145,-1.2596118002225092,42.4737423682956,-0.6593132384417357
geid_133_656,3.613475670182225,43.271704306529145,-1.2596118002225092,43.11612558547147,-0.7102480361477239
geid_133_657,3.87634220737298,43.271704306529145,-1.2596118002225092,44.0020184300902,2.31741831988411
geid_133_658,3.516229638495113,50.37035449425022,-2.382974860244351,50.63900693855963,-2.738087784806178
geid_133_659,3.5764041453724227,50.37035449425022,-2.382974860244351,50.827799766974884,-1.607604870803578
geid_133_660,3.6521994380071225,50.37035449425022,-2.382974860244351,50.62051134847265,-2.052585486036663
geid_133_661,3.579307291206833,50.37035449425022,-2.382974860244351,50.68748064993762,-1.1312359211488365
geid_133_662,3.754419240024465,50.37035449425022,-2.382974860244351,49.310783816211476,0.7676529559058003
geid_133_663,3.7113297754238164,47.36373713597297,0.8367531063816975,46.92364763973167,2.2950208476967435
geid_133_664,3.747685153339332,47.36373713597297,0.8367531063816975,45.17783094218463,3.25237243372357
geid_133_665,3.734564559754622,47.36373713597297,0.8367531063816975,45.117301530718095,0.22064507112713905
geid_133_666,3.686008215210121,47.36373713597297,0.8367531063816975,45.74761785497111,4.050664056695648
geid_133_667,3.736349245406823,47.36373713597297,0.8367531063816975,46.564877646151274,-0.2168014492979391
geid_133_668,3.773333561599421,47.36373713597297,0.8367531063816975,47.437876315710795,1.595890995145104
geid_133_669,3.5864785157520007,47.36373713597297,0.8367531063816975,49.66053295395323,1.1631431792891749
geid_133_670,3.5986011464242846,47.36373713597297,0.8367531063816975,46.85355736306181,-0.9818301903901387
geid_133_671,3.6821848088479205,47.36373713597297,0.8367531063816975,47.246569289405514,-1.8795070922527817
geid_133_672,3.596792927562413,47.36373713597297,0.8367531063816975,49.310783816211476,0.7676529559058003
geid_133_673,3.624830983343232,47.36373713597297,0.8367531063816975,48.89149880622686,-0.07598336790292759
geid_133_674,3.5593259686297603,47.36373713597297,0.8367531063816975,43.85380734732988,1.4525594885524233
geid_133_675,3.5362574583767237,47.36373713597297,0.8367531063816975,44.50874736838516,5.130961663701489
geid_133_676,3.519495164528698,47.36373713597297,0.8367531063816975,47.41145937122883,4.496470076013932
geid_133_677,3.7209189724604568,43.93193452794897,5.145754923793722,45.17783094218463,3.25237243372357
geid_133_678,3.5205879252760797,43.93193452794897,5.145754923793722,45.587599888230535,6.197194779024404
geid_133_679,3.574604651093,43.93193452794897,5.145754923793722,44.62323701510522,3.830706280852822
geid_133_680,3.7687131698900647,43.93193452794897,5.145754923793722,44.198022795669665,3.6794166673423714
geid_133_681,3.532460782870272,43.93193452794897,5.145754923793722,45.117301530718095,0.22064507112713905
geid_133_682,3.5832542886650454,43.93193452794897,5.145754923793722,45.10508051186817,4.019228943220692
geid_133_683,3.6749015371906926,43.93193452794897,5.145754923793722,45.74761785497111,4.050664056695648
geid_133_684,3.5927959820945286,43.93193452794897,5.145754923793722,43.27803310615063,3.8486602046120924
geid_133_685,3.559081052146236,43.93193452794897,5.145754923793722,44.821185941119204,7.440770362976513
geid_133_686,3.7364351854737667,43.93193452794897,5.145754923793722,43.25993303611263,3.156236965423986
geid_133_687,3.721614127967102,43.93193452794897,5.145754923793722,43.85380734732988,1.4525594885524233
geid_133_688,3.707130348849722,43.93193452794897,5.145754923793722,44.50874736838516,5.130961663701489
geid_133_689,3.600536913665287,43.93193452794897,5.145754923793722,44.0020184300902,2.31741831988411
geid_133_690,3.6343653828493463,43.93193452794897,5.145754923793722,45.82019249194862,3.186459311425014
geid_133_691,3.515967645848477,43.93193452794897,5.145754923793722,44.49428467022615,8.10460985664245
geid_133_692,3.6980790724425607,43.93193452794897,5.145754923793722,42.848054210870814,2.897441188335853
geid_133_693,3.5470187109443025,50.63900693855963,-2.738087784806178,50.827799766974884,-1.607604870803578
geid_133_694,3.601152225921444,50.63900693855963,-2.738087784806178,49.78239215432197,-1.6160772139043056
geid_133_695,3.656913128498604,50.63900693855963,-2.738087784806178,50.62051134847265,-2.052585486036663
geid_133_696,3.565656420857376,50.63900693855963,-2.738087784806178,50.68748064993762,-1.1312359211488365
geid_133_697,3.624782205617766,45.61505704804713,-1.3628098797139439,46.85355736306181,-0.9818301903901387
geid_133_698,3.71204518942226,45.61505704804713,-1.3628098797139439,45.82019249194862,3.186459311425014
geid_133_699,3.660579937266924,46.92364763973167,2.2950208476967435,45.17783094218463,3.25237243372357
geid_133_700,3.5922559837755528,46.92364763973167,2.2950208476967435,44.62323701510522,3.830706280852822
geid_133_701,3.9139872661296016,46.92364763973167,2.2950208476967435,45.117301530718095,0.22064507112713905
geid_133_702,3.627507140446465,46.92364763973167,2.2950208476967435,45.10508051186817,4.019228943220692
geid_133_703,3.6610201543305623,46.92364763973167,2.2950208476967435,46.72815566055947,3.541118089344388
geid_133_704,3.657637201524801,46.92364763973167,2.2950208476967435,45.74761785497111,4.050664056695648
geid_133_705,3.620858901651812,46.92364763973167,2.2950208476967435,46.564877646151274,-0.2168014492979391
geid_133_706,3.7083088202671806,46.92364763973167,2.2950208476967435,47.437876315710795,1.595890995145104
geid_133_707,3.6151684045665444,46.92364763973167,2.2950208476967435,43.26235811031123,1.4130439347801804
geid_133_708,3.7052668431545803,46.92364763973167,2.2950208476967435,49.66053295395323,1.1631431792891749
geid_133_709,3.600541239985008,46.92364763973167,2.2950208476967435,46.85355736306181,-0.9818301903901387
geid_133_710,3.6332693610831424,46.92364763973167,2.2950208476967435,49.310783816211476,0.7676529559058003
geid_133_711,3.677920516957681,46.92364763973167,2.2950208476967435,48.89149880622686,-0.07598336790292759
geid_133_712,3.52905533965556,46.92364763973167,2.2950208476967435,49.204010641149154,2.638028256018218
geid_133_713,3.833069881261108,46.92364763973167,2.2950208476967435,47.41145937122883,4.496470076013932
geid_133_714,3.592981740283088,46.92364763973167,2.2950208476967435,44.0020184300902,2.31741831988411
geid_133_715,3.6454197692670975,46.92364763973167,2.2950208476967435,45.82019249194862,3.186459311425014
geid_133_716,3.6933400312616027,45.17783094218463,3.25237243372357,44.62323701510522,3.830706280852822
geid_133_717,3.6001863386064903,45.17783094218463,3.25237243372357,44.198022795669665,3.6794166673423714
geid_133_718,3.733718442293568,45.17783094218463,3.25237243372357,45.10508051186817,4.019228943220692
geid_133_719,3.9464913951843963,45.17783094218463,3.25237243372357,45.74761785497111,4.050664056695648
geid_133_720,3.615494342978809,45.17783094218463,3.25237243372357,47.437876315710795,1.595890995145104
geid_133_721,3.608616362605223,45.17783094218463,3.25237243372357,43.26235811031123,1.4130439347801804
geid_133_722,3.7957001167220357,45.17783094218463,3.25237243372357,43.27803310615063,3.8486602046120924
geid_133_723,3.8263218111659048,45.17783094218463,3.25237243372357,43.25993303611263,3.156236965423986
geid_133_724,3.717947681459841,45.17783094218463,3.25237243372357,43.85380734732988,1.4525594885524233
geid_133_725,3.8233310906626805,45.17783094218463,3.25237243372357,44.50874736838516,5.130961663701489
geid_133_726,3.5016215100692407,45.17783094218463,3.25237243372357,47.41145937122883,4.496470076013932
geid_133_727,3.74206623825241,45.17783094218463,3.25237243372357,44.0020184300902,2.31741831988411
geid_133_728,3.556092851936303,45.17783094218463,3.25237243372357,45.82019249194862,3.186459311425014
geid_133_729,3.5309393915043596,45.17783094218463,3.25237243372357,42.848054210870814,2.897441188335853
geid_133_730,3.6845335355126543,50.827799766974884,-1.607604870803578,49.78239215432197,-1.6160772139043056
geid_133_731,3.936542058316968,50.827799766974884,-1.607604870803578,50.62051134847265,-2.052585486036663
geid_133_732,3.7855311195163392,50.827799766974884,-1.607604870803578,49.66053295395323,1.1631431792891749
geid_133_733,3.91860949248484,50.827799766974884,-1.607604870803578,50.68748064993762,-1.1312359211488365
geid_133_734,3.806109487161584,50.827799766974884,-1.607604870803578,50.45238420319761,-0.738061876417667
geid_133_735,3.5364993316430624,50.827799766974884,-1.607604870803578,49.310783816211476,0.7676529559058003
geid_133_736,3.880182953124,50.827799766974884,-1.607604870803578,48.89149880622686,-0.07598336790292759
geid_133_737,3.9841006707698634,45.587599888230535,6.197194779024404,44.13885735376671,-1.922114192614957
geid_133_738,3.792203686477097,45.587599888230535,6.197194779024404,44.821185941119204,7.440770362976513
geid_133_739,3.5005461783621152,45.587599888230535,6.197194779024404,45.82019249194862,3.186459311425014
geid_133_740,3.7132143058456575,45.587599888230535,6.197194779024404,44.49428467022615,8.10460985664245
geid_133_741,3.9782339309471237,44.49624694766043,-0.539423448944981,45.117301530718095,0.22064507112713905
geid_133_742,3.696037702166912,44.49624694766043,-0.539423448944981,43.26235811031123,1.4130439347801804
geid_133_743,3.6182046765324096,44.49624694766043,-0.539423448944981,44.0020184300902,2.31741831988411
geid_133_744,3.876246010307665,44.62323701510522,3.830706280852822,45.10508051186817,4.019228943220692
geid_133_745,3.7759412060467343,44.62323701510522,3.830706280852822,45.74761785497111,4.050664056695648
geid_133_746,3.784958265729487,44.62323701510522,3.830706280852822,43.26235811031123,1.4130439347801804
geid_133_747,3.772277921721384,44.62323701510522,3.830706280852822,43.27803310615063,3.8486602046120924
geid_133_748,3.7059261146168048,44.62323701510522,3.830706280852822,43.85380734732988,1.4525594885524233
geid_133_749,3.55242165841161,44.62323701510522,3.830706280852822,44.50874736838516,5.130961663701489
geid_133_750,3.517914635173621,44.62323701510522,3.830706280852822,47.41145937122883,4.496470076013932
geid_133_751,3.7368232231736025,44.62323701510522,3.830706280852822,44.0020184300902,2.31741831988411
geid_133_752,3.6673878534079507,44.62323701510522,3.830706280852822,45.82019249194862,3.186459311425014
geid_133_753,3.708220662383846,49.78239215432197,-1.6160772139043056,50.62051134847265,-2.052585486036663
geid_133_754,3.7048038020011558,49.78239215432197,-1.6160772139043056,47.437876315710795,1.595890995145104
geid_133_755,3.6211853248339136,49.78239215432197,-1.6160772139043056,49.66053295395323,1.1631431792891749
geid_133_756,3.7725386518918076,49.78239215432197,-1.6160772139043056,50.68748064993762,-1.1312359211488365
geid_133_757,3.6926892209618942,49.78239215432197,-1.6160772139043056,50.45238420319761,-0.738061876417667
geid_133_758,3.585115298681605,49.78239215432197,-1.6160772139043056,49.310783816211476,0.7676529559058003
geid_133_759,3.6179194345557266,49.78239215432197,-1.6160772139043056,48.89149880622686,-0.07598336790292759
geid_133_760,3.806973288829156,49.78239215432197,-1.6160772139043056,48.69290967403191,-2.9059687795628975
geid_133_761,3.8881093686215236,44.198022795669665,3.6794166673423714,45.117301530718095,0.22064507112713905
geid_133_762,3.5861527516702805,44.198022795669665,3.6794166673423714,45.74761785497111,4.050664056695648
geid_133_763,3.55682818569936,44.198022795669665,3.6794166673423714,43.27803310615063,3.8486602046120924
geid_133_764,3.5554677120751434,44.198022795669665,3.6794166673423714,43.85380734732988,1.4525594885524233
geid_133_765,3.7230417190229903,44.198022795669665,3.6794166673423714,44.50874736838516,5.130961663701489
geid_133_766,3.7312879870107243,50.62051134847265,-2.052585486036663,49.66053295395323,1.1631431792891749
geid_133_767,3.958233759123482,50.62051134847265,-2.052585486036663,50.68748064993762,-1.1312359211488365
geid_133_768,3.788391912337473,50.62051134847265,-2.052585486036663,50.45238420319761,-0.738061876417667
geid_133_769,3.6715982863450805,50.62051134847265,-2.052585486036663,49.310783816211476,0.7676529559058003
geid_133_770,3.811061335548241,50.62051134847265,-2.052585486036663,48.89149880622686,-0.07598336790292759
geid_133_771,3.9191071666022506,45.117301530718095,0.22064507112713905,46.72815566055947,3.541118089344388
geid_133_772,3.790069682270617,45.117301530718095,0.22064507112713905,45.74761785497111,4.050664056695648
geid_133_773,3.696342733608,45.117301530718095,0.22064507112713905,46.564877646151274,-0.2168014492979391
geid_133_774,3.7334017477896126,45.117301530718095,0.22064507112713905,44.32250985805874,-2.79451481267789
geid_133_775,3.616209740126233,45.117301530718095,0.22064507112713905,44.46398488962171,-2.7650197988871605
geid_133_776,3.589451450715953,45.117301530718095,0.22064507112713905,45.610819871929195,-0.5719063721795976
geid_133_777,3.813450804962575,45.117301530718095,0.22064507112713905,44.13885735376671,-1.922114192614957
geid_133_778,3.765894748882996,45.117301530718095,0.22064507112713905,43.4186514968327,-0.7809242098601268
geid_133_779,3.5705518041885442,45.117301530718095,0.22064507112713905,43.25993303611263,3.156236965423986
geid_133_780,3.60927537636649,45.117301530718095,0.22064507112713905,43.85380734732988,1.4525594885524233
geid_133_781,3.681649991909264,45.117301530718095,0.22064507112713905,43.11612558547147,-0.7102480361477239
geid_133_782,3.7269843441028083,45.117301530718095,0.22064507112713905,44.0020184300902,2.31741831988411
geid_133_783,3.6160390515228737,45.117301530718095,0.22064507112713905,46.01549105056417,-1.2505627206357022
geid_133_784,3.547035548140551,45.117301530718095,0.22064507112713905,42.848054210870814,2.897441188335853
geid_133_785,3.655889657610848,45.10508051186817,4.019228943220692,46.72815566055947,3.541118089344388
geid_133_786,3.753690764342472,45.10508051186817,4.019228943220692,45.74761785497111,4.050664056695648
geid_133_787,3.5732910260628037,45.10508051186817,4.019228943220692,47.437876315710795,1.595890995145104
geid_133_788,3.7121009859041956,45.10508051186817,4.019228943220692,43.26235811031123,1.4130439347801804
geid_133_789,3.865595531454768,45.10508051186817,4.019228943220692,43.27803310615063,3.8486602046120924
geid_133_790,3.7877812799417363,45.10508051186817,4.019228943220692,43.85380734732988,1.4525594885524233
geid_133_791,3.509019593095553,45.10508051186817,4.019228943220692,44.50874736838516,5.130961663701489
geid_133_792,3.546215468681244,45.10508051186817,4.019228943220692,47.41145937122883,4.496470076013932
geid_133_793,3.8507317290358594,45.10508051186817,4.019228943220692,44.0020184300902,2.31741831988411
geid_133_794,3.5719935937924223,45.10508051186817,4.019228943220692,45.82019249194862,3.186459311425014
geid_133_795,3.840977019658745,46.72815566055947,3.541118089344388,47.41145937122883,4.496470076013932
geid_133_796,3.61452265562404,46.72815566055947,3.541118089344388,44.0020184300902,2.31741831988411
geid_133_797,3.556144748255976,45.74761785497111,4.050664056695648,47.437876315710795,1.595890995145104
geid_133_798,3.8457899362418453,45.74761785497111,4.050664056695648,43.27803310615063,3.8486602046120924
geid_133_799,3.6768342072031444,45.74761785497111,4.050664056695648,43.85380734732988,1.4525594885524233
geid_133_800,3.875351588320213,45.74761785497111,4.050664056695648,44.50874736838516,5.130961663701489
geid_133_801,3.5465351576966095,45.74761785497111,4.050664056695648,44.0020184300902,2.31741831988411
geid_133_802,3.7863049028152806,46.564877646151274,-0.2168014492979391,46.85355736306181,-0.9818301903901387
geid_133_803,3.682680286005966,46.564877646151274,-0.2168014492979391,47.246569289405514,-1.8795070922527817
geid_133_804,3.631345927666265,46.564877646151274,-0.2168014492979391,45.82019249194862,3.186459311425014
geid_133_805,3.6856683627054916,46.564877646151274,-0.2168014492979391,46.01549105056417,-1.2505627206357022
geid_133_806,3.8850182343414015,45.82289990090374,-5.141591850271594,45.99440440911516,-4.0109162804310605
geid_133_807,3.5129278799931964,47.437876315710795,1.595890995145104,49.66053295395323,1.1631431792891749
geid_133_808,3.571876000711748,47.437876315710795,1.595890995145104,46.85355736306181,-0.9818301903901387
geid_133_809,3.5349898558081967,47.437876315710795,1.595890995145104,43.27803310615063,3.8486602046120924
geid_133_810,3.5184023107958207,47.437876315710795,1.595890995145104,50.45238420319761,-0.738061876417667
geid_133_811,3.571514388603305,47.437876315710795,1.595890995145104,47.246569289405514,-1.8795070922527817
geid_133_812,3.5003233488263117,47.437876315710795,1.595890995145104,49.310783816211476,0.7676529559058003
geid_133_813,3.553435293711409,47.437876315710795,1.595890995145104,48.89149880622686,-0.07598336790292759
geid_133_814,3.5244057759744063,47.437876315710795,1.595890995145104,43.85380734732988,1.4525594885524233
geid_133_815,3.8220328591040396,47.437876315710795,1.595890995145104,49.204010641149154,2.638028256018218
geid_133_816,3.551840451601944,47.437876315710795,1.595890995145104,44.0020184300902,2.31741831988411
geid_133_817,3.559905108324366,47.437876315710795,1.595890995145104,45.82019249194862,3.186459311425014
geid_133_818,3.6703566933062497,43.26235811031123,1.4130439347801804,43.27803310615063,3.8486602046120924
geid_133_819,3.60266554914721,43.26235811031123,1.4130439347801804,43.4186514968327,-0.7809242098601268
geid_133_820,3.7154555176218564,43.26235811031123,1.4130439347801804,42.4737423682956,-0.6593132384417357
geid_133_821,3.638580933091861,43.26235811031123,1.4130439347801804,43.85380734732988,1.4525594885524233
geid_133_822,3.713925314818278,43.26235811031123,1.4130439347801804,43.11612558547147,-0.7102480361477239
geid_133_823,3.73496587393176,43.26235811031123,1.4130439347801804,44.0020184300902,2.31741831988411
geid_133_824,3.7321658595788447,49.66053295395323,1.1631431792891749,50.68748064993762,-1.1312359211488365
geid_133_825,3.8307538136749457,49.66053295395323,1.1631431792891749,50.45238420319761,-0.738061876417667
geid_133_826,3.9624735897617644,49.66053295395323,1.1631431792891749,48.89149880622686,-0.07598336790292759
geid_133_827,3.8862215716130355,49.66053295395323,1.1631431792891749,49.204010641149154,2.638028256018218
geid_133_828,3.852778866276103,44.32250985805874,-2.79451481267789,44.46398488962171,-2.7650197988871605
geid_133_829,3.5695229207739723,46.85355736306181,-0.9818301903901387,47.246569289405514,-1.8795070922527817
geid_133_830,3.55832522607757,46.85355736306181,-0.9818301903901387,45.82019249194862,3.186459311425014
geid_133_831,3.971532630483202,46.85355736306181,-0.9818301903901387,48.69290967403191,-2.9059687795628975
geid_133_832,3.730352468256962,43.27803310615063,3.8486602046120924,43.25993303611263,3.156236965423986
geid_133_833,3.7349990375239934,43.27803310615063,3.8486602046120924,43.85380734732988,1.4525594885524233
geid_133_834,3.6541151957074804,43.27803310615063,3.8486602046120924,44.50874736838516,5.130961663701489
geid_133_835,3.815243964898502,43.27803310615063,3.8486602046120924,44.0020184300902,2.31741831988411
geid_133_836,3.78907597871401,43.27803310615063,3.8486602046120924,42.848054210870814,2.897441188335853
geid_133_837,3.5831520701712645,45.610819871929195,-0.5719063721795976,46.01549105056417,-1.2505627206357022
geid_133_838,3.8404864087128097,50.68748064993762,-1.1312359211488365,50.45238420319761,-0.738061876417667
geid_133_839,3.668599026280038,50.68748064993762,-1.1312359211488365,49.310783816211476,0.7676529559058003
geid_133_840,3.7599413124073755,50.68748064993762,-1.1312359211488365,48.89149880622686,-0.07598336790292759
geid_133_841,3.9466576337661223,44.13885735376671,-1.922114192614957,43.4186514968327,-0.7809242098601268
geid_133_842,3.559809072324097,44.13885735376671,-1.922114192614957,43.11612558547147,-0.7102480361477239
geid_133_843,4,44.13885735376671,-1.922114192614957,45.99440440911516,-4.0109162804310605
geid_133_844,3.8886601199465876,50.45238420319761,-0.738061876417667,48.89149880622686,-0.07598336790292759
geid_133_845,3.536039775748324,47.246569289405514,-1.8795070922527817,43.85380734732988,1.4525594885524233
geid_133_846,3.5044660315200478,47.246569289405514,-1.8795070922527817,48.052448631621914,-3.708642758626901
geid_133_847,3.722125176961,47.246569289405514,-1.8795070922527817,46.01549105056417,-1.2505627206357022
geid_133_848,3.5230895080306706,43.4186514968327,-0.7809242098601268,43.85380734732988,1.4525594885524233
geid_133_849,3.522558565251842,43.4186514968327,-0.7809242098601268,43.11612558547147,-0.7102480361477239
geid_133_850,3.8472027805551376,43.4186514968327,-0.7809242098601268,44.0020184300902,2.31741831988411
geid_133_851,3.551463007390805,44.821185941119204,7.440770362976513,44.50874736838516,5.130961663701489
geid_133_852,3.547904469507476,44.821185941119204,7.440770362976513,45.82019249194862,3.186459311425014
geid_133_853,3.802809822310714,44.821185941119204,7.440770362976513,44.49428467022615,8.10460985664245
geid_133_854,3.595033095277563,43.25993303611263,3.156236965423986,43.85380734732988,1.4525594885524233
geid_133_855,3.6523229325786253,43.25993303611263,3.156236965423986,44.50874736838516,5.130961663701489
geid_133_856,3.743376666657409,43.25993303611263,3.156236965423986,42.848054210870814,2.897441188335853
geid_133_857,3.512013890273504,49.310783816211476,0.7676529559058003,48.89149880622686,-0.07598336790292759
geid_133_858,3.839361183080864,49.310783816211476,0.7676529559058003,49.204010641149154,2.638028256018218
geid_133_859,3.9089749052970726,48.89149880622686,-0.07598336790292759,49.204010641149154,2.638028256018218
geid_133_860,3.610694597408528,43.85380734732988,1.4525594885524233,44.50874736838516,5.130961663701489
geid_133_861,3.5995568794900317,43.85380734732988,1.4525594885524233,43.11612558547147,-0.7102480361477239
geid_133_862,3.8012705853888673,43.85380734732988,1.4525594885524233,44.0020184300902,2.31741831988411
geid_133_863,3.585808482726072,43.85380734732988,1.4525594885524233,45.82019249194862,3.186459311425014
geid_133_864,3.579716408591823,43.85380734732988,1.4525594885524233,42.848054210870814,2.897441188335853
geid_133_865,3.7070063932159125,48.052448631621914,-3.708642758626901,48.69290967403191,-2.9059687795628975
geid_133_866,3.5611722255747855,44.50874736838516,5.130961663701489,44.0020184300902,2.31741831988411
geid_133_867,3.5915379569169152,49.204010641149154,2.638028256018218,47.41145937122883,4.496470076013932
geid_133_868,3.674507833604337,43.11612558547147,-0.7102480361477239,44.0020184300902,2.31741831988411
geid_133_869,3.5167207603691524,44.0020184300902,2.31741831988411,45.82019249194862,3.186459311425014
geid_133_870,3.612683032337165,44.0020184300902,2.31741831988411,42.848054210870814,2.897441188335853